Name,Symbol,Network,Address,Deployed,Token Address,Contract Source,Detailed Info
WOC,WOC,BSC,0xa95301e86dfac8c2db5ef0e95117d32506aa3d81,04 Feb 2022 08:26:28 GMT ,https://bscscan.com/token/0xa95301e86dfac8c2db5ef0e95117d32506aa3d81,https://tokensniffer.com/contract/0xa95301e86dfac8c2db5ef0e95117d32506aa3d81,https://tokensniffer.com/token/9h10dxu46alvkp82z9bvbn423ufj1cazxah8166uqi20nii51xpk99fu02v6?h=5128
WTF,FTW,BSC,0x770dd518e12e15a63c2ddecec9f5405c8f11bb4b,04 Feb 2022 08:51:07 GMT ,https://bscscan.com/token/0x770dd518e12e15a63c2ddecec9f5405c8f11bb4b,https://tokensniffer.com/contract/0x770dd518e12e15a63c2ddecec9f5405c8f11bb4b,https://tokensniffer.com/token/qqx2216gva6naflfp6149k08bmng2c42a5babhuz51sx1bdovez66eujjsuj?h=5344
TigerV2,TIGERV2,BSC,0xf4ac84a5284ab942e7e13fda1241baffb612c479,04 Feb 2022 08:44:52 GMT ,https://bscscan.com/token/0xf4ac84a5284ab942e7e13fda1241baffb612c479,https://tokensniffer.com/contract/0xf4ac84a5284ab942e7e13fda1241baffb612c479,https://tokensniffer.com/token/zs39bvs91nvsc9jhlsn4afleqac60pz249638n3s3gl6j9zoegzijk6nbsqh?h=5475
Pig Father Inu,PFI,BSC,0x08972b81c7f3f5617372982268e4860ac87e1da8,04 Feb 2022 08:46:10 GMT ,https://bscscan.com/token/0x08972b81c7f3f5617372982268e4860ac87e1da8,https://tokensniffer.com/contract/0x08972b81c7f3f5617372982268e4860ac87e1da8,https://tokensniffer.com/token/xvhqnjv6bimqzm0zo1lmk565dq0gqnhpvonndkvasv3k38fx9bvqam6f329v?h=5731
Pig Father Inu,PFI,BSC,0x08972b81c7f3f5617372982268e4860ac87e1da8,04 Feb 2022 08:46:10 GMT ,https://bscscan.com/token/0x08972b81c7f3f5617372982268e4860ac87e1da8,https://tokensniffer.com/contract/0x08972b81c7f3f5617372982268e4860ac87e1da8,https://tokensniffer.com/token/8mxvehqnjmv6bqz40z1k6qg0mmqnhvnnkvgas5vkx9upbuvq5dae6ci293iv?h=5790
MetaETF,METAETF,BSC,0xdf0398e2d6157b7456051fe1c1944b7be56a4fc5,04 Feb 2022 08:36:28 GMT ,https://bscscan.com/token/0xdf0398e2d6157b7456051fe1c1944b7be56a4fc5,https://tokensniffer.com/contract/0xdf0398e2d6157b7456051fe1c1944b7be56a4fc5,https://tokensniffer.com/token/2zx0hvla5nm328k61q8jqs1kx16zcafg6bp6hmssojqjcad1pk9gszbppli1?h=5553
BabyFalcon,BABYFALCON,BSC,0xaf3d7a23bfbce1e39af4688f5203e5ab7927b138,04 Feb 2022 08:34:37 GMT ,https://bscscan.com/token/0xaf3d7a23bfbce1e39af4688f5203e5ab7927b138,https://tokensniffer.com/contract/0xaf3d7a23bfbce1e39af4688f5203e5ab7927b138,https://tokensniffer.com/token/9zp0ui2q9n50jozjpbmal6a0h98zskpdvvz1nlxp0ca4419jqc3lhnqmj60v?h=5483
胖墩墩,FATDUNDUN,BSC,0x2fa892ab7bec645dd680ffafa74133b6ad53f15d,04 Feb 2022 08:23:01 GMT ,https://bscscan.com/token/0x2fa892ab7bec645dd680ffafa74133b6ad53f15d,https://tokensniffer.com/contract/0x2fa892ab7bec645dd680ffafa74133b6ad53f15d,https://tokensniffer.com/token/nzg9uvoeomhn9jq3jabks1l2io52gikdvxzz9z9fqis65f00jk921f0zg612?h=5419
GenerationalFinanceToken,GFT,BSC,0x4334a0938f1fc8ad02f8aee040207057de4aa016,04 Feb 2022 08:22:58 GMT ,https://bscscan.com/token/0x4334a0938f1fc8ad02f8aee040207057de4aa016,https://tokensniffer.com/contract/0x4334a0938f1fc8ad02f8aee040207057de4aa016,https://tokensniffer.com/token/ps00s9xdh0lfmdvzgup6zbv92xnzv94afaxsoxnxqx1eqm24udfasg9u9x6k?h=5781
Pepe The Pig,PTPIGGY,BSC,0xd000ffb7878464cab6725e76d55c16cd25d4ef40,04 Feb 2022 08:16:40 GMT ,https://bscscan.com/token/0xd000ffb7878464cab6725e76d55c16cd25d4ef40,https://tokensniffer.com/contract/0xd000ffb7878464cab6725e76d55c16cd25d4ef40,https://tokensniffer.com/token/2xxxmzlczljquvqvskisbm9jkqln1aqgkf281ie1b46kb25mn12s5alzoosx?h=5776
DogeQueen Generator,DOGEQUEENGENERATOR,BSC,0x6dd246ce98eb00af2966f22e603978f4f321bae8,04 Feb 2022 07:55:25 GMT ,https://bscscan.com/token/0x6dd246ce98eb00af2966f22e603978f4f321bae8,https://tokensniffer.com/contract/0x6dd246ce98eb00af2966f22e603978f4f321bae8,https://tokensniffer.com/token/kd22nskuibahvaj5odxlx9eznhkkznnecakocx05hqvzlsgdiz0n64j9aofv?h=5943
Multi GrimaceCoin,MGC,BSC,0xbf78e4066cff7c9dc2bebe70864e1063274cffa7,04 Feb 2022 07:09:01 GMT ,https://bscscan.com/token/0xbf78e4066cff7c9dc2bebe70864e1063274cffa7,https://tokensniffer.com/contract/0xbf78e4066cff7c9dc2bebe70864e1063274cffa7,https://tokensniffer.com/token/jezqu3uv5asfixokudkbz4zqbh2b8onjajmaiqxvksa46xk0nqlps3bzz98q?h=5961
MoonAstronauts,MA,BSC,0x003a39a4aa3c3cd9341af904a1e6ff7edece1ef9,04 Feb 2022 07:34:04 GMT ,https://bscscan.com/token/0x003a39a4aa3c3cd9341af904a1e6ff7edece1ef9,https://tokensniffer.com/contract/0x003a39a4aa3c3cd9341af904a1e6ff7edece1ef9,https://tokensniffer.com/token/8xxu090h5e9sguo990b0b2h0ps69zhxs965akz4ziqoa2a55ba56deaze3oh?h=5166
DogeKingDaddy,DOGEKINGDADDY,BSC,0xc83750ae96c641d00e9ee3bbca2b1484ef749025,04 Feb 2022 06:40:01 GMT ,https://bscscan.com/token/0xc83750ae96c641d00e9ee3bbca2b1484ef749025,https://tokensniffer.com/contract/0xc83750ae96c641d00e9ee3bbca2b1484ef749025,https://tokensniffer.com/token/bvo0q1xm9ah3kbks62xxagoh5aadcu30jjb3l9noj6svsa3zqsoh3px5n5l1?h=5547
Cupid,CUPID,BSC,0xdf309ac2576e6625f11a6e32a4cfef235312970f,03 Feb 2022 20:13:37 GMT ,https://bscscan.com/token/0xdf309ac2576e6625f11a6e32a4cfef235312970f,https://tokensniffer.com/contract/0xdf309ac2576e6625f11a6e32a4cfef235312970f,https://tokensniffer.com/token/2z0xho9bgn1qfkeakkn81z669koae0pn89disbizdazn0eliegc106nhqmxz?h=5575
DogeSteel,DOGESTEEL,BSC,0x07de79b4327620b5406cd12243ce946b9ea94f09,04 Feb 2022 06:59:28 GMT ,https://bscscan.com/token/0x07de79b4327620b5406cd12243ce946b9ea94f09,https://tokensniffer.com/contract/0x07de79b4327620b5406cd12243ce946b9ea94f09,https://tokensniffer.com/token/5dxiqi2dmlaqhlujs08nqknxjll1s4xkpfb26nn4s0bahskjha9hpsp4fzxh?h=5831
DADDY PIG,DADDYPIG,BSC,0xe6c55bc1afe5b4d435285b33a60fc8e10a784a08,04 Feb 2022 06:49:46 GMT ,https://bscscan.com/token/0xe6c55bc1afe5b4d435285b33a60fc8e10a784a08,https://tokensniffer.com/contract/0xe6c55bc1afe5b4d435285b33a60fc8e10a784a08,https://tokensniffer.com/token/akb11j5b69zea1js2s0l1oncvf81lfj00g9kxz5bvcae6gx8c9ucqvs9d5xv?h=5359
MegaMoonToken,MMT,BSC,0x51735090d1164cc1fa14205e0eb169f310fec7b1,04 Feb 2022 06:33:58 GMT ,https://bscscan.com/token/0x51735090d1164cc1fa14205e0eb169f310fec7b1,https://tokensniffer.com/contract/0x51735090d1164cc1fa14205e0eb169f310fec7b1,https://tokensniffer.com/token/1g6q041xh53xf26ci6ke5sbbp6z96snfx1axajde6pkhoz086xzabdfqfoj6?h=5361
Tiger King,TIGERKING,BSC,0xc47cbaa3192dce30ee64debcc04d4f954cace4aa,04 Feb 2022 06:14:37 GMT ,https://bscscan.com/token/0xc47cbaa3192dce30ee64debcc04d4f954cace4aa,https://tokensniffer.com/contract/0xc47cbaa3192dce30ee64debcc04d4f954cace4aa,https://tokensniffer.com/token/bsqc8bj9906hnoo2bfa0xcaaks25amjl5mbfbuxs42cuszmhm1sob9bais99?h=5538
CryptoRunner,CR,BSC,0xa8a1c7c845a13012abe3b638df6b0fce13d79924,04 Feb 2022 05:33:16 GMT ,https://bscscan.com/token/0xa8a1c7c845a13012abe3b638df6b0fce13d79924,https://tokensniffer.com/contract/0xa8a1c7c845a13012abe3b638df6b0fce13d79924,https://tokensniffer.com/token/g9dv96dbqpbvs159560lx6n9pjpca0j44k40v2zk3mijxzb8a60i52qhuhns?h=5231
Mommy Pig,MPIGGY,BSC,0x9b6a8ad57a2bb281bca16856627e35bd6bfae724,04 Feb 2022 06:03:58 GMT ,https://bscscan.com/token/0x9b6a8ad57a2bb281bca16856627e35bd6bfae724,https://tokensniffer.com/contract/0x9b6a8ad57a2bb281bca16856627e35bd6bfae724,https://tokensniffer.com/token/hpjk9v39m215q9njjnlv36jelbm96kv1kmdknqda0o1djl2kjz598daqines?h=5470
Google Finance Metaverse,GOOGLE,BSC,0x12f0b1c90fdf478d49c39e3d43409e3a01c14f9c,04 Feb 2022 06:05:13 GMT ,https://bscscan.com/token/0x12f0b1c90fdf478d49c39e3d43409e3a01c14f9c,https://tokensniffer.com/contract/0x12f0b1c90fdf478d49c39e3d43409e3a01c14f9c,https://tokensniffer.com/token/f6nidlzxj6bh4xz2z3msq5vp42shb0hcfa0284s0s8x4ha5094xl6bd6szhb?h=5285
Baby PuffyShiba,$BPUS,BSC,0x2b67f6988804045dc7df71eefb0c17f7ad55235b,04 Feb 2022 05:09:41 GMT ,https://bscscan.com/token/0x2b67f6988804045dc7df71eefb0c17f7ad55235b,https://tokensniffer.com/contract/0x2b67f6988804045dc7df71eefb0c17f7ad55235b,https://tokensniffer.com/token/8njk5qzkhfvpvvumfmxsxmes12dbq52uzmq6agazgjxb6qzq92511n0uo1uj?h=5755
Baby Tiger,BABYTIGER,BSC,0xecae166061cf60b5e157a0501631d5e518f2b7da,04 Feb 2022 05:32:13 GMT ,https://bscscan.com/token/0xecae166061cf60b5e157a0501631d5e518f2b7da,https://tokensniffer.com/contract/0xecae166061cf60b5e157a0501631d5e518f2b7da,https://tokensniffer.com/token/ab9a36kukuxmk6bz8ekxj41lofa61q98l3ex1cxo6ok0621ag13i6vznjq29?h=5217
TIGERJUNGLE,TIGERJUNGLE,BSC,0xa1067c8410c75cc1a7650588fda034fd24e613e0,04 Feb 2022 05:33:46 GMT ,https://bscscan.com/token/0xa1067c8410c75cc1a7650588fda034fd24e613e0,https://tokensniffer.com/contract/0xa1067c8410c75cc1a7650588fda034fd24e613e0,https://tokensniffer.com/token/o963xkqb8vs6xbq1bb6l9qkpu154x1vovz29x03sicplz52nseadk86lc0ax?h=5392
BurnCake,BURNCAKE,BSC,0xf09aa360a087aeed21a9cc6387078ac8eee2f844,04 Feb 2022 03:25:17 GMT ,https://bscscan.com/token/0xf09aa360a087aeed21a9cc6387078ac8eee2f844,https://tokensniffer.com/contract/0xf09aa360a087aeed21a9cc6387078ac8eee2f844,https://tokensniffer.com/token/zidppcdxhc990kx9xofvlq9oa5ag2n69hbbk0vmqx5qmvm9bvlaaanzvfgss?h=5854
Mrs Duckling,DUCKLING,BSC,0x6d943f680748e694efbfc6870a1c7ee6cef7a334,04 Feb 2022 05:20:11 GMT ,https://bscscan.com/token/0x6d943f680748e694efbfc6870a1c7ee6cef7a334,https://tokensniffer.com/contract/0x6d943f680748e694efbfc6870a1c7ee6cef7a334,https://tokensniffer.com/token/k2hs0zfk5vxqs8vakhsu5az3jzfb5kvpqx96ebpqaakbazqcmpp9803uf08s?h=5710
LUNARSTAR,LUNARSTAR,BSC,0xce32e80e6460284842bfa5572c2bc6e6bf3f26c6,04 Feb 2022 05:19:41 GMT ,https://bscscan.com/token/0xce32e80e6460284842bfa5572c2bc6e6bf3f26c6,https://tokensniffer.com/contract/0xce32e80e6460284842bfa5572c2bc6e6bf3f26c6,https://tokensniffer.com/token/ba50nmavx8agkcgs8kx4nvsvsin38jzp9f11qnbnjbk4agkjz08oplgznkbk?h=5771
Rebel Tesla,REBELTESLA,BSC,0x6bd6b3552c2580568547c97aba9edc333bb43da9,04 Feb 2022 05:20:26 GMT ,https://bscscan.com/token/0x6bd6b3552c2580568547c97aba9edc333bb43da9,https://tokensniffer.com/contract/0x6bd6b3552c2580568547c97aba9edc333bb43da9,https://tokensniffer.com/token/opgkj52k3j01f1mnb8un1vx14kdpv1spqid8bhq9oj9ha2be0800jmjs029h?h=5220
Crypto-Nest!(v2),v2) (C@NEST,BSC,0x5b205cef3d4d137d5e23d1195a6c01b0369e7c9d,04 Feb 2022 05:09:26 GMT ,https://bscscan.com/token/0x5b205cef3d4d137d5e23d1195a6c01b0369e7c9d,https://tokensniffer.com/contract/0x5b205cef3d4d137d5e23d1195a6c01b0369e7c9d,https://tokensniffer.com/token/g1jnx1baipz02s260q21aun0oc2p366hdg1uo9kbx6jcx0emkehaqbhpi532?h=5249
Crypto-Nest!(v2),v2) (C@NEST,BSC,0x5b205cef3d4d137d5e23d1195a6c01b0369e7c9d,04 Feb 2022 05:09:26 GMT ,https://bscscan.com/token/0x5b205cef3d4d137d5e23d1195a6c01b0369e7c9d,https://tokensniffer.com/contract/0x5b205cef3d4d137d5e23d1195a6c01b0369e7c9d,https://tokensniffer.com/token/1djlnx1bfa4z0o32s2630gq231oan02646h19kobxuf65ejmcx0keha3qbh2?h=5013
Grimacezilla,$GRIMACEZILLA,BSC,0x0bff27b970fcc313e1157642f72a55cb8cee67d0,04 Feb 2022 05:07:14 GMT ,https://bscscan.com/token/0x0bff27b970fcc313e1157642f72a55cb8cee67d0,https://tokensniffer.com/contract/0x0bff27b970fcc313e1157642f72a55cb8cee67d0,https://tokensniffer.com/token/xjzfzniqjhqixzbbo060alc366l1qfoksnzqinc9e11bpupjofevba4akq2x?h=5821
DOLLYPAD,DP,BSC,0xaa378b11b43b79265c50ff4f9195aa1762ff4a5c,04 Feb 2022 04:53:14 GMT ,https://bscscan.com/token/0xaa378b11b43b79265c50ff4f9195aa1762ff4a5c,https://tokensniffer.com/contract/0xaa378b11b43b79265c50ff4f9195aa1762ff4a5c,https://tokensniffer.com/token/9940qv8jg66js30jqchuenl8ke1m4b1x3zelzszh6h19o496qkcnzzs9lo1b?h=5331
Cyber Tiger,CYBERTIGER,BSC,0x92021268de325657568efc9303226dfb775150b9,04 Feb 2022 04:57:41 GMT ,https://bscscan.com/token/0x92021268de325657568efc9303226dfb775150b9,https://tokensniffer.com/contract/0x92021268de325657568efc9303226dfb775150b9,https://tokensniffer.com/token/3hnxn6dnkv2ao0n1eko1cup3q31kvoazbhu0xu0nunmku542zjqq16o1xj5h?h=5541
Smart-SHIBA-!Nest!,SS-NEST,BSC,0xf32cde45390f2455b8f19179706ee89b8bc54631,04 Feb 2022 04:49:20 GMT ,https://bscscan.com/token/0xf32cde45390f2455b8f19179706ee89b8bc54631,https://tokensniffer.com/contract/0xf32cde45390f2455b8f19179706ee89b8bc54631,https://tokensniffer.com/token/z0nb2aus105cohxznslo1m1jv5z6h6qdhqx4kmaavhcj8llcv4jb1s4mki06?h=5548
King Piglet,KINGPIGGY,BSC,0x9d6e775723d2520fec1b43afc6fd28fa94757ef7,04 Feb 2022 04:52:26 GMT ,https://bscscan.com/token/0x9d6e775723d2520fec1b43afc6fd28fa94757ef7,https://tokensniffer.com/contract/0x9d6e775723d2520fec1b43afc6fd28fa94757ef7,https://tokensniffer.com/token/h2kafq4q1gqdn028n1nxu3zagbf6jogs09zibkdzd2nvz9uhsmql1q8a5zpq?h=5632
BASE PROTOCOL,BASE.P,AVAX,0xd6468471f075944a276f8df41bc1d2f04f903e29,03 Feb 2022 22:31:55 GMT ,https://bscscan.com/token/0xd6468471f075944a276f8df41bc1d2f04f903e29,https://tokensniffer.com/contract/0xd6468471f075944a276f8df41bc1d2f04f903e29,https://tokensniffer.com/token/i2ekcskfvsgq6zcxcoq1hss9nfqkgmzv2zgsl6jgb62nmzu3xlsizhxi0anh?h=6007
marketish,MARKETISH,BSC,0x6199e5ef623668dc76ad835ea6828d75138e5395,04 Feb 2022 04:23:38 GMT ,https://bscscan.com/token/0x6199e5ef623668dc76ad835ea6828d75138e5395,https://tokensniffer.com/contract/0x6199e5ef623668dc76ad835ea6828d75138e5395,https://tokensniffer.com/token/kf6u5hhpa1azkngp0kokv2boqoki92v0l1a59kvinv2q1c60vg4ea1g0l3h1?h=5327
Baby Olympic Pin,BABYOLYMPICPIN,BSC,0x9a48ff8e9fc64149f2e6167099c75808c4814c8c,04 Feb 2022 04:29:05 GMT ,https://bscscan.com/token/0x9a48ff8e9fc64149f2e6167099c75808c4814c8c,https://tokensniffer.com/contract/0x9a48ff8e9fc64149f2e6167099c75808c4814c8c,https://tokensniffer.com/token/he9lsvzzvgahzbks6shznauk46lokqgxhohbqp185pfuecvxmvbsv6oslbvb?h=6134
META STONKS CAPITAL,$MSCL,BSC,0x923e08f2568dba29b1834b4c5749117e05f95c3d,04 Feb 2022 03:51:32 GMT ,https://bscscan.com/token/0x923e08f2568dba29b1834b4c5749117e05f95c3d,https://tokensniffer.com/contract/0x923e08f2568dba29b1834b4c5749117e05f95c3d,https://tokensniffer.com/token/hn05daxpglvznp15ik8vf2dj9dnhj6mv0sjeosbi1qsh6p6eqax1zghm1b02?h=5584
PHARAKEYS,PHARAKEYS,BSC,0x2e4197af82e9e529bfead1e06a1e668ed96ebd08,04 Feb 2022 04:14:59 GMT ,https://bscscan.com/token/0x2e4197af82e9e529bfead1e06a1e668ed96ebd08,https://tokensniffer.com/contract/0x2e4197af82e9e529bfead1e06a1e668ed96ebd08,https://tokensniffer.com/token/nas46hqf9zcvna4h88aoeu1nhjdza9d2f6ea3xdk896akkvap2hdkajpg2xv?h=5543
SalaryMining,SM,BSC,0x9391bda4347ded4c00c5ad2b8542da3c900f8a4f,04 Feb 2022 03:59:14 GMT ,https://bscscan.com/token/0x9391bda4347ded4c00c5ad2b8542da3c900f8a4f,https://tokensniffer.com/contract/0x9391bda4347ded4c00c5ad2b8542da3c900f8a4f,https://tokensniffer.com/token/hee5c40h6j29s0sq2a2smbmx3xeb1l92funjdv1snm290bhxxozgv9is3ddz?h=5439
EkkoToken,EKKOTOKEN,BSC,0xc6bb972bc34d45961d95b58df2aa7845f3afe811,03 Feb 2022 22:34:16 GMT ,https://bscscan.com/token/0xc6bb972bc34d45961d95b58df2aa7845f3afe811,https://tokensniffer.com/contract/0xc6bb972bc34d45961d95b58df2aa7845f3afe811,https://tokensniffer.com/token/bk3jpjh5qnjb0sm2s1ohk62h5p1mgjl1vcu2zn9u95q3vsgp1z309z4av6e6?h=5306
LiChun,LICHUN,BSC,0x45d504274be9af9638a42338fda5373c8a6a6cea,04 Feb 2022 04:06:23 GMT ,https://bscscan.com/token/0x45d504274be9af9638a42338fda5373c8a6a6cea,https://tokensniffer.com/contract/0x45d504274be9af9638a42338fda5373c8a6a6cea,https://tokensniffer.com/token/dcogs121dxsn8qsijah9zhmk03v9sn0oco0vz42d95m10iq0bv9ke9kbia49?h=5310
Moonstar,MOONSTAR,BSC,0x25e8d6e31e978229e3763d9cc79cc677a0e92d20,04 Feb 2022 03:36:14 GMT ,https://bscscan.com/token/0x25e8d6e31e978229e3763d9cc79cc677a0e92d20,https://tokensniffer.com/contract/0x25e8d6e31e978229e3763d9cc79cc677a0e92d20,https://tokensniffer.com/token/fodn3c3uo1a8v2ka06ahqvnnfha0qk0em2hbbqh4bbk8u5qq9xgeahnp2n4x?h=5519
GoldMedalShib,GOLDMEDALSHIB,BSC,0x9d2a3a02e329bc4237f1f0abfe3bea4f46f48ef7,04 Feb 2022 03:46:08 GMT ,https://bscscan.com/token/0x9d2a3a02e329bc4237f1f0abfe3bea4f46f48ef7,https://tokensniffer.com/contract/0x9d2a3a02e329bc4237f1f0abfe3bea4f46f48ef7,https://tokensniffer.com/token/h2n3i9o5ocp509xg3na0onhjbsn0q4zu6zx9j8za8l0jmla9szdskzs8vazq?h=5581
Galaxy Zora,GALAXYZORA,BSC,0xaf77a4614a72fc13edaf225245198352e032999e,04 Feb 2022 03:40:56 GMT ,https://bscscan.com/token/0xaf77a4614a72fc13edaf225245198352e032999e,https://tokensniffer.com/contract/0xaf77a4614a72fc13edaf225245198352e032999e,https://tokensniffer.com/token/9zplqq95skec446s9qnzbc560a829znlfenm1n5cse16hv01naexe0nhmhha?h=5360
BitMusic,BITMUSIC,BSC,0x1e98303e50a165b9ddbf260478f924827374a73c,04 Feb 2022 02:56:08 GMT ,https://bscscan.com/token/0x1e98303e50a165b9ddbf260478f924827374a73c,https://tokensniffer.com/contract/0x1e98303e50a165b9ddbf260478f924827374a73c,https://tokensniffer.com/token/8lu6u3ahv0x03a1dx96uk1jh22juznkdlxgo5sqvizhns8ovnq0iqs4l9q0b?h=5573
Mrs Piglet,MRSPIGGY,BSC,0xaa8b5f4b5d9bde22040d4f511819a4eb13df590a,04 Feb 2022 03:03:29 GMT ,https://bscscan.com/token/0xaa8b5f4b5d9bde22040d4f511819a4eb13df590a,https://tokensniffer.com/contract/0xaa8b5f4b5d9bde22040d4f511819a4eb13df590a,https://tokensniffer.com/token/9449vju1z5psfj12hj32uannxsx2szo3g551f663v6h9esao3ju602z1mhx9?h=5129
RedLambo,REDLAMBO,BSC,0x1b94576a6c145187b720da87dce7cffa754db22f,04 Feb 2022 03:01:53 GMT ,https://bscscan.com/token/0x1b94576a6c145187b720da87dce7cffa754db22f,https://tokensniffer.com/contract/0x1b94576a6c145187b720da87dce7cffa754db22f,https://tokensniffer.com/token/6jh5s1qk9k3b6s16m3vgeqjq8nx29mvq2lpbl4a8qb5zfdcuz9q1spm2jnnz?h=5493
Olympic Rings,OLYMPIC RINGS,BSC,0xfe96c8da38aaca889df8e973d8a6814423a53aaf,04 Feb 2022 02:54:56 GMT ,https://bscscan.com/token/0xfe96c8da38aaca889df8e973d8a6814423a53aaf,https://tokensniffer.com/contract/0xfe96c8da38aaca889df8e973d8a6814423a53aaf,https://tokensniffer.com/token/zafhkbv2el9f0v99b9v5vdh2zvahiiq0l2v9ckmpvof86sms8n0g91g0499z?h=5358
CupidShiba,CUPIDSHIBA,BSC,0x87e5756192e91b86a80a86fe36594ec8a8d58ac3,04 Feb 2022 02:37:14 GMT ,https://bscscan.com/token/0x87e5756192e91b86a80a86fe36594ec8a8d58ac3,https://tokensniffer.com/contract/0x87e5756192e91b86a80a86fe36594ec8a8d58ac3,https://tokensniffer.com/token/lvqma1q31k6mhnah86jvk9vx9v8kzoao5o08k5mf1hs3a5bv9vi321ev89b0?h=5239
雪容融,XUERONGRONG,BSC,0xf3522558f74685df04aa34c175b8fc173df104fa,03 Feb 2022 04:55:24 GMT ,https://bscscan.com/token/0xf3522558f74685df04aa34c175b8fc173df104fa,https://tokensniffer.com/contract/0xf3522558f74685df04aa34c175b8fc173df104fa,https://tokensniffer.com/token/z0l1non1e1vdzqls8ek4dv12zxs94908s5b6pqi1jvc3zmb6qm02z6xspzo9?h=5382
Lazy Cupid,LAZY,BSC,0x9ed5e67d220e2ae950f7af62682426106fe821dd,04 Feb 2022 02:32:02 GMT ,https://bscscan.com/token/0x9ed5e67d220e2ae950f7af62682426106fe821dd,https://tokensniffer.com/contract/0x9ed5e67d220e2ae950f7af62682426106fe821dd,https://tokensniffer.com/token/halfe21fak85qd2n5onxiand8fc9u3ah1xzuq9zknk5vensnk6xkzavn62f2?h=5610
Moria Universe,MORIA,BSC,0xfae1da53e70795fb2938da3220eb9c545d6f039d,04 Feb 2022 02:02:10 GMT ,https://bscscan.com/token/0xfae1da53e70795fb2938da3220eb9c545d6f039d,https://tokensniffer.com/contract/0xfae1da53e70795fb2938da3220eb9c545d6f039d,https://tokensniffer.com/token/miz9a6u2um9dlil10paqxqh1zjnh0v290mnnlxa855jhb81s12ekz4x30ho2?h=5292
SafeApe,APED,BSC,0xa484b626acb0c313424fc2f8ddcd37f60bb1b9e0,04 Feb 2022 02:29:29 GMT ,https://bscscan.com/token/0xa484b626acb0c313424fc2f8ddcd37f60bb1b9e0,https://tokensniffer.com/contract/0xa484b626acb0c313424fc2f8ddcd37f60bb1b9e0,https://tokensniffer.com/token/9svs8j8knk9bujxemb060s3nszlbnmu4zfmvmc2c2f5b20iqzkxjj6ojhfax?h=5692
CakePAD,CAKEPAD,BSC,0x3e18393ddeba13fb165f3e0102af60010789e725,04 Feb 2022 02:09:29 GMT ,https://bscscan.com/token/0x3e18393ddeba13fb165f3e0102af60010789e725,https://tokensniffer.com/contract/0x3e18393ddeba13fb165f3e0102af60010789e725,https://tokensniffer.com/token/c0af8iu6gv0h0gl2e2ajp96l0fzj63k1z0ax6xn9zkxx6xc3iqgvhialfqn1?h=5432
BABY FLAPPY FLOKI,BFF,BSC,0xa1040aaf6207c70cb139688810a00319cc28bafd,04 Feb 2022 01:42:13 GMT ,https://bscscan.com/token/0xa1040aaf6207c70cb139688810a00319cc28bafd,https://tokensniffer.com/contract/0xa1040aaf6207c70cb139688810a00319cc28bafd,https://tokensniffer.com/token/9568xsx99zkdo5nxqbqxbju6m0hk4vevv6dx9xx0o6he8bigbnv8j89eezu2?h=5549
中国女足,中国女足,BSC,0x485e67faf406c26d24fa01864168b9496e78ba92,04 Feb 2022 01:19:10 GMT ,https://bscscan.com/token/0x485e67faf406c26d24fa01864168b9496e78ba92,https://tokensniffer.com/contract/0x485e67faf406c26d24fa01864168b9496e78ba92,https://tokensniffer.com/token/msv1akqzdf9zsxkpbnk5i2insgz8d9x6vks6kpvjohshlkaquvo4jc4dd9hn?h=5952
SafeApe,SA,BSC,0x3a64ebb8805de1b0afc07c00f1d6ed23e084fe6e,04 Feb 2022 01:22:22 GMT ,https://bscscan.com/token/0x3a64ebb8805de1b0afc07c00f1d6ed23e084fe6e,https://tokensniffer.com/contract/0x3a64ebb8805de1b0afc07c00f1d6ed23e084fe6e,https://tokensniffer.com/token/09ks4ajjvui5vixu152a6jx9fzb3xqbxxzpd86i2d5ckai2ino0axovszaka?h=5639
Hulk Floki,HULK,BSC,0xd6651324d452c466f1253e5e6980581a0f8d72ec,04 Feb 2022 00:40:01 GMT ,https://bscscan.com/token/0xd6651324d452c466f1253e5e6980581a0f8d72ec,https://tokensniffer.com/contract/0xd6651324d452c466f1253e5e6980581a0f8d72ec,https://tokensniffer.com/token/42egpkk1640ns3i32s1pnbslkkz6gn10a1akhldvgx1v69euxuzov2qnpaob?h=5502
Spellsword,SPELLS,ETH,0xacc5193408f99bb4a8991e0ea6adee15d7035c56,30 Jan 2022 10:03:12 GMT ,https://bscscan.com/token/0xacc5193408f99bb4a8991e0ea6adee15d7035c56,https://tokensniffer.com/contract/0xacc5193408f99bb4a8991e0ea6adee15d7035c56,https://tokensniffer.com/token/m9bb16h80sxvzo3uhhjjs5l889vhph6adxa9k34g92aflald6123qix01b1k?h=5180
SadHorse,SH,BSC,0xf343edf9445f6be35e473d5922ba5b05011c9776,04 Feb 2022 00:22:40 GMT ,https://bscscan.com/token/0xf343edf9445f6be35e473d5922ba5b05011c9776,https://tokensniffer.com/contract/0xf343edf9445f6be35e473d5922ba5b05011c9776,https://tokensniffer.com/token/z0spod0iafm25pzh3ss1zkodja01a5sq8021hon4n35j391jx1x66bmhqqgk?h=5265
HulkDoge,HULKDOGE,BSC,0x954f6190fc5dc572471382d3f9d405deb2bea5f5,03 Feb 2022 23:59:25 GMT ,https://bscscan.com/token/0x954f6190fc5dc572471382d3f9d405deb2bea5f5,https://tokensniffer.com/contract/0x954f6190fc5dc572471382d3f9d405deb2bea5f5,https://tokensniffer.com/token/h1szk46hxzmfubg124b3g15qnsqp68mo0vnc20zho2s3x125ajgnja981zp1?h=5238
Beast,BEAST,BSC,0x2672cbbb6dc5e67514e80811558405536441179e,03 Feb 2022 23:58:01 GMT ,https://bscscan.com/token/0x2672cbbb6dc5e67514e80811558405536441179e,https://tokensniffer.com/contract/0x2672cbbb6dc5e67514e80811558405536441179e,https://tokensniffer.com/token/nkqnbjjjk23b1m3ag5kq1md6saivxgvm6611ivdsxuc11p0ksgpls66qh4la?h=5521
United Doge Finance,UDOG,BSC,0xf07160beeac9810b213cb01e0a339a13892196e0,20 Oct 2021 12:05:49 GMT ,https://bscscan.com/token/0xf07160beeac9810b213cb01e0a339a13892196e0,https://tokensniffer.com/contract/0xf07160beeac9810b213cb01e0a339a13892196e0,https://tokensniffer.com/token/mzxq6kxojaa9behv65xojulln6dplc0lbjx6a4x4900h9860vhuni586hkax?h=5466
FlokiDrinks,FLOKIDRINKS,BSC,0xddcb884a4313e8e8dd175e490a2af4773f884811,03 Feb 2022 23:32:40 GMT ,https://bscscan.com/token/0xddcb884a4313e8e8dd175e490a2af4773f884811,https://tokensniffer.com/contract/0xddcb884a4313e8e8dd175e490a2af4773f884811,https://tokensniffer.com/token/22lb3uujvvepsf9s060avgapv226q1ashxgfe9n8eg95dzesql8q0zvvsv66?h=5500
HulkShiba,HULKSHIBA,BSC,0x5f3cea0ddd16251bbdbc866cdb7a8b5a6d7750ad,03 Feb 2022 23:28:52 GMT ,https://bscscan.com/token/0x5f3cea0ddd16251bbdbc866cdb7a8b5a6d7750ad,https://tokensniffer.com/contract/0x5f3cea0ddd16251bbdbc866cdb7a8b5a6d7750ad,https://tokensniffer.com/token/51zi0ipbal9x2223eg6kn16jj2fjbvde8kkob32jqm9vj19k2qqu1xg93l42?h=5125
valentine drago,VAL,BSC,0x760e3ec76f43b5de658a2dd2649fe505b3f57353,03 Feb 2022 22:54:43 GMT ,https://bscscan.com/token/0x760e3ec76f43b5de658a2dd2649fe505b3f57353,https://tokensniffer.com/contract/0x760e3ec76f43b5de658a2dd2649fe505b3f57353,https://tokensniffer.com/token/qkxa0abqkcmzs0j12ak1u8civ9n22npl4kl88shclzae1x51emdj0z1q3010?h=5283
MASTERKHIBA,MASTERKHIBA,BSC,0x1b6c7f0610a84e8b9000f46d0575725ae9ab5c25,03 Feb 2022 23:11:43 GMT ,https://bscscan.com/token/0x1b6c7f0610a84e8b9000f46d0575725ae9ab5c25,https://tokensniffer.com/contract/0x1b6c7f0610a84e8b9000f46d0575725ae9ab5c25,https://tokensniffer.com/token/6jkbqzxk6mx5c9vsalpgvjohxxxezskf2x1pq1mql4n19am3mggeh9oj1bn1?h=5766
CupidElon,CE,BSC,0x31b21b1674a3edb6418ef2981ee2295231352f06,03 Feb 2022 23:07:49 GMT ,https://bscscan.com/token/0x31b21b1674a3edb6418ef2981ee2295231352f06,https://tokensniffer.com/contract/0x31b21b1674a3edb6418ef2981ee2295231352f06,https://tokensniffer.com/token/06jnp6j6moke4gqsu9c0la2jkls6vlaznfhv6agann8h1n40630f13nezixk?h=5410
CyftCoin,CC,BSC,0x3088cc500128f502b8c7dd3a374293f06f7aaed1,03 Feb 2022 23:07:58 GMT ,https://bscscan.com/token/0x3088cc500128f502b8c7dd3a374293f06f7aaed1,https://tokensniffer.com/contract/0x3088cc500128f502b8c7dd3a374293f06f7aaed1,https://tokensniffer.com/token/0xvv4bb1i5f4xx56nvziu1xnejvbq22090gqmspnh0eizxkzq9pm9ae2eci6?h=5546
MetaMonsterGamesToken,MMGT,BSC,0x864c7a7fff730fd6c79f6e5cea0f088beec64c8b,03 Feb 2022 23:07:19 GMT ,https://bscscan.com/token/0x864c7a7fff730fd6c79f6e5cea0f088beec64c8b,https://tokensniffer.com/contract/0x864c7a7fff730fd6c79f6e5cea0f088beec64c8b,https://tokensniffer.com/token/lvksdgbql49qlzzmozuq8f40xz2flkbqhzka1g3buia9xzxvvjaab3kisbvj?h=5997
MoonBag,MBG,BSC,0x172abba982852626ad1468309fac35f7c4674c0b,03 Feb 2022 22:56:49 GMT ,https://bscscan.com/token/0x172abba982852626ad1468309fac35f7c4674c0b,https://tokensniffer.com/contract/0x172abba982852626ad1468309fac35f7c4674c0b,https://tokensniffer.com/token/6qnp9djj9h4v3nv138nknk9igp2o6skv0g4xlhz98b01pzoqbsk3iqgsbxuj?h=5561
GOATINU,GOATINU,BSC,0x461cd923b022139c16e8605bce6ce9f0376267f8,03 Feb 2022 22:56:58 GMT ,https://bscscan.com/token/0x461cd923b022139c16e8605bce6ce9f0376267f8,https://tokensniffer.com/contract/0x461cd923b022139c16e8605bce6ce9f0376267f8,https://tokensniffer.com/token/skc6bd2hn0cjxnn6f0hbci6kacvck3x1j8ba4kb3a5hzx0of4qmkinkqfzmv?h=5630
Safari Doge,SDOGE,BSC,0xf9f48f2bf1fa3611a30f8d2a2f508a9478de6543,29 Jan 2022 09:35:19 GMT ,https://bscscan.com/token/0xf9f48f2bf1fa3611a30f8d2a2f508a9478de6543,https://tokensniffer.com/contract/0xf9f48f2bf1fa3611a30f8d2a2f508a9478de6543,https://tokensniffer.com/token/zhzsvzmn5jzm6z90k6690gxzv24n89mnz41xvg8ci9hse5qvg2a58oogk1s0?h=5408
CryptoMoon,CRYPTOMOON,BSC,0x75aafb382681556fe725dd61a72cba686cd937b9,03 Feb 2022 22:45:25 GMT ,https://bscscan.com/token/0x75aafb382681556fe725dd61a72cba686cd937b9,https://tokensniffer.com/contract/0x75aafb382681556fe725dd61a72cba686cd937b9,https://tokensniffer.com/token/lq819ei9ezj04vnkv6f311kmzaqn81225kc69qnbj8954kevp5kb2h0mqjih?h=5146
WaukeeWallet,WW,BSC,0x90c82caa1d53a623951fdbc8bbb778afecb51bb7,03 Feb 2022 22:34:31 GMT ,https://bscscan.com/token/0x90c82caa1d53a623951fdbc8bbb778afecb51bb7,https://tokensniffer.com/contract/0x90c82caa1d53a623951fdbc8bbb778afecb51bb7,https://tokensniffer.com/token/fhxbvnb99625p109fkn0h186zu4g2ijb5vejj4jqiqvo94z48fabjgi16jjq?h=5250
The Neko Inu,NEKOINU,BSC,0x15949c0c8c78f202c4ab04ec1b5b4d091848b285,03 Feb 2022 22:19:07 GMT ,https://bscscan.com/token/0x15949c0c8c78f202c4ab04ec1b5b4d091848b285,https://tokensniffer.com/contract/0x15949c0c8c78f202c4ab04ec1b5b4d091848b285,https://tokensniffer.com/token/c61heshbxbv3bqvzunipxnlem5bds9jx8sab6jm13jlps2583xh6vsvjn8v1?h=5657
GoldenTiger,GDT,BSC,0xc86ee1690e118a24ad6f8ebebc09a5513e0d1945,03 Feb 2022 22:02:58 GMT ,https://bscscan.com/token/0xc86ee1690e118a24ad6f8ebebc09a5513e0d1945,https://tokensniffer.com/contract/0xc86ee1690e118a24ad6f8ebebc09a5513e0d1945,https://tokensniffer.com/token/pb4cvkgaia6khxa6o56v9cens92plkz53vajac8jbxhil91160ax23p6hsd1?h=5325
LooneyMoons,LM,BSC,0x2e5d64d2c28535470cb61243e1262e3caf752247,03 Feb 2022 22:00:58 GMT ,https://bscscan.com/token/0x2e5d64d2c28535470cb61243e1262e3caf752247,https://tokensniffer.com/contract/0x2e5d64d2c28535470cb61243e1262e3caf752247,https://tokensniffer.com/token/ena123k5sc2nbmn4vu14i0e1sqxbpjk6nsl0a6n3kna0bm93zecc8q1nfnsq?h=5384
Valentines Cheems,VC,BSC,0xbe706bfc5b1b30d4323232eacab724bc59331451,03 Feb 2022 21:36:28 GMT ,https://bscscan.com/token/0xbe706bfc5b1b30d4323232eacab724bc59331451,https://tokensniffer.com/contract/0xbe706bfc5b1b30d4323232eacab724bc59331451,https://tokensniffer.com/token/japmdcqxk58oj4zb1j6j0ex2s0in03n0npa9boco9fjqnsg8jeb1h0u06s16?h=5330
WhiteRabbit,WR,BSC,0x87e6700cbf7a50755f76b1486b090d034aba9e51,03 Feb 2022 21:14:31 GMT ,https://bscscan.com/token/0x87e6700cbf7a50755f76b1486b090d034aba9e51,https://tokensniffer.com/contract/0x87e6700cbf7a50755f76b1486b090d034aba9e51,https://tokensniffer.com/token/vqagkqx5xbjzg8q91dlx3liq5e811zqk8j6s8vk8jxhx2x0s9dju59ha3516?h=5352
Kitty Cake,KITTYCAKE,BSC,0xce54a3c3130373f984ebfd5f76349be18e17550d,31 Jul 2021 01:32:57 GMT ,https://bscscan.com/token/0xce54a3c3130373f984ebfd5f76349be18e17550d,https://tokensniffer.com/contract/0xce54a3c3130373f984ebfd5f76349be18e17550d,https://tokensniffer.com/token/b4a13ls5m90cb06f0x0q0uz5cehvsajclz2u1zqike0shj8a63dva6q1l1x2?h=5229
NANO5400,NANO5400,BSC,0x56561b45244b82145852af50ba81fb89925bbcd5,03 Feb 2022 20:52:01 GMT ,https://bscscan.com/token/0x56561b45244b82145852af50ba81fb89925bbcd5,https://tokensniffer.com/contract/0x56561b45244b82145852af50ba81fb89925bbcd5,https://tokensniffer.com/token/c3pl1ikl1k6d4js1nlssjvnm46s1v1n9lz1xj9v6z3ppejvhhn881pjjb2l1?h=5430
CONGRATS SPACEX,FALCON TEAM,BSC,0xf30d3976ce60f65f4349fc94665762a3f16cc9cf,03 Feb 2022 20:53:34 GMT ,https://bscscan.com/token/0xf30d3976ce60f65f4349fc94665762a3f16cc9cf,https://tokensniffer.com/contract/0xf30d3976ce60f65f4349fc94665762a3f16cc9cf,https://tokensniffer.com/token/z0x24c0iimhqmkbamkxzlk1zs0sh84z3bm8hsmkk1iqkfn9fc0zo6kbbfhbz?h=5706
Pegaxy Stone,PGX,POLY,0xc3d53741dbee956b32e3ab3914b255f285cab16b,05 Nov 2021 10:26:27 GMT ,https://bscscan.com/token/0xc3d53741dbee956b32e3ab3914b255f285cab16b,https://tokensniffer.com/contract/0xc3d53741dbee956b32e3ab3914b255f285cab16b,https://tokensniffer.com/token/b0p2d10oiocqsi623jaah1kije40na09jdc0h6sjn11oznv1b98j8l6kcoij?h=5216
Valentine Inu,VALENTINEINU,BSC,0xbb827512bf2e0f050d6bcd83220e7f205dd5cc3d,03 Feb 2022 20:39:19 GMT ,https://bscscan.com/token/0xbb827512bf2e0f050d6bcd83220e7f205dd5cc3d,https://tokensniffer.com/contract/0xbb827512bf2e0f050d6bcd83220e7f205dd5cc3d,https://tokensniffer.com/token/jimjvinq1o6nj3znolaxzx1xm42kjbec2gv0nnexa4qznxg1o2231bolb0p2?h=5616
Valentine Inu,VALENTINEINU,BSC,0xc6468dada0577df96b62fc9758e62ba94a9a8dbf,03 Feb 2022 20:30:10 GMT ,https://bscscan.com/token/0xc6468dada0577df96b62fc9758e62ba94a9a8dbf,https://tokensniffer.com/contract/0xc6468dada0577df96b62fc9758e62ba94a9a8dbf,https://tokensniffer.com/token/bkskivm2l89c29x1mqqu2z4fhkjkn3zbhq1va5uknj9hs9hf39lv3g2cjudz?h=5583
EVIL SHIBA INU,EVILSHIBA,BSC,0x4adf27e5c977e8ddaf989de9623220363b4d4c4e,03 Feb 2022 20:23:25 GMT ,https://bscscan.com/token/0x4adf27e5c977e8ddaf989de9623220363b4d4c4e,https://tokensniffer.com/contract/0x4adf27e5c977e8ddaf989de9623220363b4d4c4e,https://tokensniffer.com/token/dsgf92iznqgca41bhqqiave2l259zhovchpu2pahkn0nn5x0ok0js2sbslla?h=5678
Yokai,ONI,BSC,0x5fec4bd51ea6ee6f203f71d7706283c7614a1954,03 Feb 2022 20:07:49 GMT ,https://bscscan.com/token/0x5fec4bd51ea6ee6f203f71d7706283c7614a1954,https://tokensniffer.com/contract/0x5fec4bd51ea6ee6f203f71d7706283c7614a1954,https://tokensniffer.com/token/41zac8bmsjg21ef6a9koaakzn53x0czq62ffqqxknv0bqo3fkc6s9il6uh1s?h=5469
Yokai,ONI,BSC,0x125dca29ff90977ef3f75678149981095611dedb,03 Feb 2022 19:56:22 GMT ,https://bscscan.com/token/0x125dca29ff90977ef3f75678149981095611dedb,https://tokensniffer.com/contract/0x125dca29ff90977ef3f75678149981095611dedb,https://tokensniffer.com/token/6ecn12mfm4b9n43hizzhxhqqdaz0mzq1kdqvcp6ees8hhv6uxh1k4o662a2j?h=5497
ArataInu,ARATAINU,BSC,0x9658069475d4a2ab51456951070f0eeb5b26ff57,03 Feb 2022 19:55:01 GMT ,https://bscscan.com/token/0x9658069475d4a2ab51456951070f0eeb5b26ff57,https://tokensniffer.com/contract/0x9658069475d4a2ab51456951070f0eeb5b26ff57,https://tokensniffer.com/token/h3ko1vxekhgsq12s9n9jp1c6s1ki8h16lxqixuzx8aaj1j3ink8zlzioco1q?h=5605
Yokai,ONI,BSC,0x242f2c6e5e6d418a51d20825d6545fcc1a2153d8,03 Feb 2022 19:55:01 GMT ,https://bscscan.com/token/0x242f2c6e5e6d418a51d20825d6545fcc1a2153d8,https://tokensniffer.com/contract/0x242f2c6e5e6d418a51d20825d6545fcc1a2153d8,https://tokensniffer.com/token/ng3snznb5c8koa1ak2esm6vf91i62nxmvn1i2uk1ues1l8zbbm649n61028v?h=5224
YakuzaCat,YC,BSC,0x381e08c43ba60b2bba429184bb1180d5ade1aa9d,03 Feb 2022 19:46:25 GMT ,https://bscscan.com/token/0x381e08c43ba60b2bba429184bb1180d5ade1aa9d,https://tokensniffer.com/contract/0x381e08c43ba60b2bba429184bb1180d5ade1aa9d,https://tokensniffer.com/token/p80v86amxgvbs0j9kxj3n4jj9scnh6cvsjjc6i6vxd219d23lacc6e995h32?h=5193
Yokai,ONI,BSC,0xfe7754edfb282764e160920d0ccc2c4bc12bcc85,03 Feb 2022 19:44:13 GMT ,https://bscscan.com/token/0xfe7754edfb282764e160920d0ccc2c4bc12bcc85,https://tokensniffer.com/contract/0xfe7754edfb282764e160920d0ccc2c4bc12bcc85,https://tokensniffer.com/token/zeem5laqfgq1sap2ez5gjnvnqksia6kf4pxhnx2x84bbbnbsjiob6njbbpv1?h=5846
LAST GRIMACE,LAGR,BSC,0x4ff335f643de33c3f502cd700ad062c828f0253d,03 Feb 2022 19:26:16 GMT ,https://bscscan.com/token/0x4ff335f643de33c3f502cd700ad062c828f0253d,https://tokensniffer.com/contract/0x4ff335f643de33c3f502cd700ad062c828f0253d,https://tokensniffer.com/token/szz00ip1fli58zkgs02a00ob0ze1xcnb2q4xx92xkenbvmnlgvzxgpune102?h=5535
Wizard Token,WIZARD,BSC,0xbe245bded9aa9353e51d8e6ef51b9d0b44a216fb,15 Sep 2021 05:33:20 GMT ,https://bscscan.com/token/0xbe245bded9aa9353e51d8e6ef51b9d0b44a216fb,https://tokensniffer.com/contract/0xbe245bded9aa9353e51d8e6ef51b9d0b44a216fb,https://tokensniffer.com/token/uufdjmoands1j2a2h99h010ad1uf6m32vakaze1e86jhc2llxjsds49n6kzj?h=5373
Wizard Token,WIZARD,BSC,0xbe245bded9aa9353e51d8e6ef51b9d0b44a216fb,15 Sep 2021 05:33:20 GMT ,https://bscscan.com/token/0xbe245bded9aa9353e51d8e6ef51b9d0b44a216fb,https://tokensniffer.com/contract/0xbe245bded9aa9353e51d8e6ef51b9d0b44a216fb,https://tokensniffer.com/token/5jagns1j2la2dfh99ph0u140a416e2vakcaz16ujdh2xujmlssc9idn6kzej?h=5368
BoomInu,BOOMINU,BSC,0x904a6c34b32be66787c19aac8369d77e031b21d9,03 Feb 2022 19:14:46 GMT ,https://bscscan.com/token/0x904a6c34b32be66787c19aac8369d77e031b21d9,https://tokensniffer.com/contract/0x904a6c34b32be66787c19aac8369d77e031b21d9,https://tokensniffer.com/token/hgu4xs49kb0sj0njedakk4luqv8qmb6fh9e9bvf3io304kh2qqax06djn62h?h=5395
