Name,Symbol,Network,Address,Deployed,Token Address,Contract Source,Detailed Info,Token Price,Total Supply,Market Cap,Chart
BABYDOS,BABYDOS,BSC,0xfa3f07a3de1a193594bb0afeeb7e5edc55bc1830,05 Feb 2022 09:19:53 GMT ,https://bscscan.com/token/0xfa3f07a3de1a193594bb0afeeb7e5edc55bc1830,https://tokensniffer.com/contract/0xfa3f07a3de1a193594bb0afeeb7e5edc55bc1830,https://tokensniffer.com/token/3zo9i0z5xq9024a696meh01o8mhsjjx9zauajqa1el54oa2lb1c1jb6c5v0x?h=5135,0.00000000239283,"100,000,000",0,https://poocoin.app/tokens/0xfa3f07a3de1a193594bb0afeeb7e5edc55bc1830
DogeStars,DOGESTARS,BSC,0x2666f01b8f98c07f068115f82409d8b8b15977e6,05 Feb 2022 10:33:43 GMT ,https://bscscan.com/token/0x2666f01b8f98c07f068115f82409d8b8b15977e6,https://tokensniffer.com/contract/0x2666f01b8f98c07f068115f82409d8b8b15977e6,https://tokensniffer.com/token/nki3kkzx6jvzhvmbxqzo4xkvo46615czvnsoxhu2vjvcjp6gge1hq5cqpcak?h=5926,,"100,000,000,000",https://poocoin.app/tokens/0x2666f01b8f98c07f068115f82409d8b8b15977e6
Mops Inu,MOPS,BSC,0xf6e3d21668dfd334b0a0e189bb02d7d9415f3f51,05 Feb 2022 09:39:05 GMT ,https://bscscan.com/token/0xf6e3d21668dfd334b0a0e189bb02d7d9415f3f51,https://tokensniffer.com/contract/0xf6e3d21668dfd334b0a0e189bb02d7d9415f3f51,https://tokensniffer.com/token/giz8kac02no6kkfvi2z20m0sjlx9xa6vhjujxn2q42iguhs6fc1z0zle1ui6?h=5525,0.000157000,"10,000,000","1,570",https://poocoin.app/tokens/0xf6e3d21668dfd334b0a0e189bb02d7d9415f3f51
Survive,SURV,BSC,0xc6a16df6f2b44f44dff9bd03f662b98f6cf62087,05 Feb 2022 10:18:46 GMT ,https://bscscan.com/token/0xc6a16df6f2b44f44dff9bd03f662b98f6cf62087,https://tokensniffer.com/contract/0xc6a16df6f2b44f44dff9bd03f662b98f6cf62087,https://tokensniffer.com/token/bk896ke42zdkznejsesmz4ss2zfm5zhj2xg0zkkn4eujhvzlgkbzknxivpfq?h=5974,0.0000000256374,"1,000,000,000,000","12,819",https://poocoin.app/tokens/0xc6a16df6f2b44f44dff9bd03f662b98f6cf62087
Doge Cheems,DGCM,BSC,0x82d52d9ddf86bfbc4537546d9cceb17c544020fe,05 Feb 2022 10:01:55 GMT ,https://bscscan.com/token/0x82d52d9ddf86bfbc4537546d9cceb17c544020fe,https://tokensniffer.com/contract/0x82d52d9ddf86bfbc4537546d9cceb17c544020fe,https://tokensniffer.com/token/fvn2m1fc5n2h22zvgkfij8zjfbs1l0qgg1slek342hbbaj4e64qb1ssxnxza?h=5496,0.00000000000000110297,"99,999,999,999,999,999,900","110,297",https://poocoin.app/tokens/0x82d52d9ddf86bfbc4537546d9cceb17c544020fe
SpiderKing,SPK,BSC,0xa7f823799049a2652b67c52de52fd219c70d5be3,05 Feb 2022 10:03:31 GMT ,https://bscscan.com/token/0xa7f823799049a2652b67c52de52fd219c70d5be3,https://tokensniffer.com/contract/0xa7f823799049a2652b67c52de52fd219c70d5be3,https://tokensniffer.com/token/i3593qzugvn0qhhxcs5h9npke1nljmkqb1n245ua1nze2nf6m8hbq4x21ja0?h=5375,0.000000304177,"1,000,000,000",152,https://poocoin.app/tokens/0xa7f823799049a2652b67c52de52fd219c70d5be3
DogeQueen,DOGEQUEEN,BSC,0xfa91568697b66577547915058a986e46091684cf,05 Feb 2022 09:38:41 GMT ,https://bscscan.com/token/0xfa91568697b66577547915058a986e46091684cf,https://tokensniffer.com/contract/0xfa91568697b66577547915058a986e46091684cf,https://tokensniffer.com/token/8ze9h61cpkv8gkhqjmkk1qe8q1gsqh651xc15ov9dhvkmcaskxh6kivusobz?h=5697,0.00000000000000753596,"100,000,000,000,000,000",678,https://poocoin.app/tokens/0xfa91568697b66577547915058a986e46091684cf
Tiger King,TIGERKING,BSC,0x70c2f44faea04f265bc4dc18fe8e65f0c6b3f0ae,05 Feb 2022 09:54:55 GMT ,https://bscscan.com/token/0x70c2f44faea04f265bc4dc18fe8e65f0c6b3f0ae,https://tokensniffer.com/contract/0x70c2f44faea04f265bc4dc18fe8e65f0c6b3f0ae,https://tokensniffer.com/token/q8xb5dnzodssz95a9xgsznk1j3bds25b6divzagvae4k1zxpdfbckj0zox9a?h=5740,0.0000000000286575,"1,000,000,000,000,000","22,926",https://poocoin.app/tokens/0x70c2f44faea04f265bc4dc18fe8e65f0c6b3f0ae
Gago ka ba ced,ULO,BSC,0x0089850512d5a08121a3a08a172974dc4741ce98,05 Feb 2022 09:24:56 GMT ,https://bscscan.com/token/0x0089850512d5a08121a3a08a172974dc4741ce98,https://tokensniffer.com/contract/0x0089850512d5a08121a3a08a172974dc4741ce98,https://tokensniffer.com/token/xxvhv1xm15p6nm219x4v6n6909ixv9c6odq5nh8qs3eo2bsqsu6i4ccbah8v?h=5352,0.0000000782117,"1,000,000,000",78,https://poocoin.app/tokens/0x0089850512d5a08121a3a08a172974dc4741ce98
CATKING Meme,CATKING,BSC,0x2f2703f922a69b258dafa4bb24a99fb59dc9b536,05 Feb 2022 09:13:41 GMT ,https://bscscan.com/token/0x2f2703f922a69b258dafa4bb24a99fb59dc9b536,https://tokensniffer.com/contract/0x2f2703f922a69b258dafa4bb24a99fb59dc9b536,https://tokensniffer.com/token/nzne8qx0fzhcpnn39fkhmfjnd13v29z598sdjjnsi9ehhzjo1ohl2bhjl10k?h=5604,0.0000119463,"10,000,000,000","47,785",https://poocoin.app/tokens/0x2f2703f922a69b258dafa4bb24a99fb59dc9b536
汉字,汉字,BSC,0x4358c986957471d940cc51335e1723044871519b,05 Feb 2022 08:45:14 GMT ,https://bscscan.com/token/0x4358c986957471d940cc51335e1723044871519b,https://tokensniffer.com/contract/0x4358c986957471d940cc51335e1723044871519b,https://tokensniffer.com/token/s0i1ov3fbhvkehu1qsg5q6d2ehsxldlbb160018a6qgn0xssvq8614g6hl3j?h=5297,0.0000000000000000263300,"1,000,000,000,000,000",0,https://poocoin.app/tokens/0x4358c986957471d940cc51335e1723044871519b
BABYZOLOTO,BABYZOLOTO,BSC,0xab9823fe51d45b5212397259ddcca6c8ea8bf972,05 Feb 2022 09:09:26 GMT ,https://bscscan.com/token/0xab9823fe51d45b5212397259ddcca6c8ea8bf972,https://tokensniffer.com/contract/0xab9823fe51d45b5212397259ddcca6c8ea8bf972,https://tokensniffer.com/token/9jlhlvn0cza5i162s1j1n6ni0hqn1h22ibcecfbl9kbop58va3o9evjzhfqn?h=5428,0.0000000000771695,"100,000,000",0,https://poocoin.app/tokens/0xab9823fe51d45b5212397259ddcca6c8ea8bf972
BNBTiger,BNBTIGER,BSC,0xc331f7bc5775b67d52cbf8b7f0e6acf476d962bb,05 Feb 2022 08:58:41 GMT ,https://bscscan.com/token/0xc331f7bc5775b67d52cbf8b7f0e6acf476d962bb,https://tokensniffer.com/contract/0xc331f7bc5775b67d52cbf8b7f0e6acf476d962bb,https://tokensniffer.com/token/b00gc6zqjub1qqeu1jkqi2o1nbujcmz8vjqzxak9ldbmzusqk2fhknddd3jj?h=5871,0.579346,"100,000","57,935",https://poocoin.app/tokens/0xc331f7bc5775b67d52cbf8b7f0e6acf476d962bb
FistFomeToken,FFT,BSC,0x745decef56e563e52caf0c0867c56f6d7bcf8d9a,05 Feb 2022 08:40:38 GMT ,https://bscscan.com/token/0x745decef56e563e52caf0c0867c56f6d7bcf8d9a,https://tokensniffer.com/contract/0x745decef56e563e52caf0c0867c56f6d7bcf8d9a,https://tokensniffer.com/token/qf5ls1l42aba5z1ka15kmd30a13nb9zxmbxvgkpeqolbc1k3zk2qjbzv2oh9?h=5453,0.0000000000121574,"1,000,000,000",0,https://poocoin.app/tokens/0x745decef56e563e52caf0c0867c56f6d7bcf8d9a
Dog King Son V2,DKS-V2,BSC,0xfca7b78547f520dabc485bdf348dc1f2b59c3d95,05 Feb 2022 08:42:02 GMT ,https://bscscan.com/token/0xfca7b78547f520dabc485bdf348dc1f2b59c3d95,https://tokensniffer.com/contract/0xfca7b78547f520dabc485bdf348dc1f2b59c3d95,https://tokensniffer.com/token/zb9oqojqv13sqz1ngp8x2mm9jbsgv1j2z03osm53v2b6zncj1h4b02phcmc1?h=5409,0.00000119730,"1,000,000,000","1,197",https://poocoin.app/tokens/0xfca7b78547f520dabc485bdf348dc1f2b59c3d95
PoorZuck,POORZUCK,BSC,0x0018aabb639723889f4df1d03582adbd0377063f,05 Feb 2022 08:39:35 GMT ,https://bscscan.com/token/0x0018aabb639723889f4df1d03582adbd0377063f,https://tokensniffer.com/contract/0x0018aabb639723889f4df1d03582adbd0377063f,https://tokensniffer.com/token/e5xx6v99jjkc0ulhoqen50dvv4ihzs2z62fx01vini92mj283o4x0qqxku0z?h=5428,0.0000000000000000238300,"1,000,000,000,000,000",0,https://poocoin.app/tokens/0x0018aabb639723889f4df1d03582adbd0377063f
BNB Doge Queen,BNB DOGE QUEEN,BSC,0xd75cc04b7dcf78a478e5f4874e521a532b41be1b,05 Feb 2022 08:30:08 GMT ,https://bscscan.com/token/0xd75cc04b7dcf78a478e5f4874e521a532b41be1b,https://tokensniffer.com/contract/0xd75cc04b7dcf78a478e5f4874e521a532b41be1b,https://tokensniffer.com/token/42pfqg41ubbxsf3jq2b4lzqcvp9sqva1zsvmqsa1n691cle0njos86ja36oj?h=5515,0.00000000000000944665,"100,000,000,000,000,000",468,https://poocoin.app/tokens/0xd75cc04b7dcf78a478e5f4874e521a532b41be1b
Meta Space Art,MSAR,BSC,0x8d5f56030982922637039aba5fa47508e93445a2,05 Feb 2022 08:16:35 GMT ,https://bscscan.com/token/0x8d5f56030982922637039aba5fa47508e93445a2,https://tokensniffer.com/contract/0x8d5f56030982922637039aba5fa47508e93445a2,https://tokensniffer.com/token/gfv2p1z1uuucekx40xhvnhonnmlk0qx0h9ui34j91z9sq1xvah0gosms1l9n?h=5641,0.000000000000467661,"99,999,999,999,999,900","46,766",https://poocoin.app/tokens/0x8d5f56030982922637039aba5fa47508e93445a2
MetaZuck,METAZUCK,BSC,0xad3cca76976958947b5c4f2c91fe5db3c7212d7d,05 Feb 2022 08:34:23 GMT ,https://bscscan.com/token/0xad3cca76976958947b5c4f2c91fe5db3c7212d7d,https://tokensniffer.com/contract/0xad3cca76976958947b5c4f2c91fe5db3c7212d7d,https://tokensniffer.com/token/39205fbb9qkhq4khu1vhsqjp331u4gbszunbuh64zpmam12j0bqn6c4n2pq2?h=5321,,"1,000,000,000,000,000",$0,https://poocoin.app/tokens/0xad3cca76976958947b5c4f2c91fe5db3c7212d7d
MetaZuck,METAZUCK,BSC,0x2b6ffe0ec6acf882fec7a8a2fdf9ee27c9194b6f,05 Feb 2022 08:29:02 GMT ,https://bscscan.com/token/0x2b6ffe0ec6acf882fec7a8a2fdf9ee27c9194b6f,https://tokensniffer.com/contract/0x2b6ffe0ec6acf882fec7a8a2fdf9ee27c9194b6f,https://tokensniffer.com/token/njlkz4zax3cabk9obfpzvvnee4za3bq9v93nz2zhaa5eenfeq8bh6hisjckz?h=5815,,"1,000,000,000,000,000",$0,https://poocoin.app/tokens/0x2b6ffe0ec6acf882fec7a8a2fdf9ee27c9194b6f
DogPoor,DOGPOOR,BSC,0x751e9dae2093f4c5f99e38e4514f80a88374b711,05 Feb 2022 08:27:41 GMT ,https://bscscan.com/token/0x751e9dae2093f4c5f99e38e4514f80a88374b711,https://tokensniffer.com/contract/0x751e9dae2093f4c5f99e38e4514f80a88374b711,https://tokensniffer.com/token/q16aoh29alnxf8ghgpo0oz8soeb1ge5zhgha0vasm16szvx9vv0qc8sijq66?h=5580,0.000250326,"100,000,000","25,033",https://poocoin.app/tokens/0x751e9dae2093f4c5f99e38e4514f80a88374b711
MetaZuck,METAZUCK,BSC,0x5bebec3eb3c66e0adc364f5d751c125ba0953ae9,05 Feb 2022 08:24:23 GMT ,https://bscscan.com/token/0x5bebec3eb3c66e0adc364f5d751c125ba0953ae9,https://tokensniffer.com/contract/0x5bebec3eb3c66e0adc364f5d751c125ba0953ae9,https://tokensniffer.com/token/13ja5jia3b0aj0obf8kkaxup92b0ksz12q1ip65bud6n1j9xmh109l5a35eh?h=5066,,"1,000,000,000,000,000",$0,https://poocoin.app/tokens/0x5bebec3eb3c66e0adc364f5d751c125ba0953ae9
dogking,DOGKING,BSC,0xca1b4205d4391cb33a9da094d3b3fd14cc0a1fd1,05 Feb 2022 07:30:08 GMT ,https://bscscan.com/token/0xca1b4205d4391cb33a9da094d3b3fd14cc0a1fd1,https://tokensniffer.com/contract/0xca1b4205d4391cb33a9da094d3b3fd14cc0a1fd1,https://tokensniffer.com/token/4bf96jsnx12ums0h6umbjc009dh29xhs23e04j0z2f63sbbx5o96mzi2uc36?h=5040,0.0000000000000169522,"100,000,000,000",-0,https://poocoin.app/tokens/0xca1b4205d4391cb33a9da094d3b3fd14cc0a1fd1
Fireblocks,FRBL,BSC,0xe89962c0683f5106311132096606f7330dcbe390,05 Feb 2022 08:18:11 GMT ,https://bscscan.com/token/0xe89962c0683f5106311132096606f7330dcbe390,https://tokensniffer.com/contract/0xe89962c0683f5106311132096606f7330dcbe390,https://tokensniffer.com/token/a4vhhk4encbxplkv0cz16oxik06660nxhkk8xf4kfzoqg00x2ocgbja0mihx?h=5582,0.00000273343,"100,000,000,000","262,388",https://poocoin.app/tokens/0xe89962c0683f5106311132096606f7330dcbe390
MetaZuck,METAZUCK,BSC,0xe5a8ad7ca71dae6bef423dedef73493983c9a0f0,05 Feb 2022 08:19:32 GMT ,https://bscscan.com/token/0xe5a8ad7ca71dae6bef423dedef73493983c9a0f0,https://tokensniffer.com/contract/0xe5a8ad7ca71dae6bef423dedef73493983c9a0f0,https://tokensniffer.com/token/8a1c9v9f2qb8d9q6p294akjmazpsn02a2azq0p8sh0fpuhgefmv0bh59xzix?h=5377,,"1,000,000,000,000,000",$0,https://poocoin.app/tokens/0xe5a8ad7ca71dae6bef423dedef73493983c9a0f0
BNBDoge,BNBDOGE,BSC,0xf6e1afd50c9d1bb946dfc2a889a45aeb253210b5,05 Feb 2022 08:17:41 GMT ,https://bscscan.com/token/0xf6e1afd50c9d1bb946dfc2a889a45aeb253210b5,https://tokensniffer.com/contract/0xf6e1afd50c9d1bb946dfc2a889a45aeb253210b5,https://tokensniffer.com/token/8zka6p3dm8id9ez21pxibh26jjhsdk2zbfpn9dgvvho9s1i9ajn10n6mxfj1?h=5477,0.0000000000257348,"1,000,000,000,000,000","3,975",https://poocoin.app/tokens/0xf6e1afd50c9d1bb946dfc2a889a45aeb253210b5
DogQueen Moon,DOGQUEEN MOON,BSC,0xc161f84cb5e24841ef0999efdadfa01204aa3365,05 Feb 2022 08:11:08 GMT ,https://bscscan.com/token/0xc161f84cb5e24841ef0999efdadfa01204aa3365,https://tokensniffer.com/contract/0xc161f84cb5e24841ef0999efdadfa01204aa3365,https://tokensniffer.com/token/lblg65k6zvs8bj1g5a4nsvsm6a8ozxhhhpmaz29e2oz9cuxp6nxs990405k1?h=5399,0.00000000000000939574,"100,000,000,000,000,000",466,https://poocoin.app/tokens/0xc161f84cb5e24841ef0999efdadfa01204aa3365
SHIBALUNAR,SLUNA,BSC,0xf24c2d43ba5fecc46455f51272573a05d0f42b3d,05 Feb 2022 08:05:05 GMT ,https://bscscan.com/token/0xf24c2d43ba5fecc46455f51272573a05d0f42b3d,https://tokensniffer.com/contract/0xf24c2d43ba5fecc46455f51272573a05d0f42b3d,https://tokensniffer.com/token/l5mgznsbfn2ds0j91iezabobsk58s1g1z16fnqncm1oq09x12e3xozs3nj02?h=5384,0.000,"100,000,000,000,000",0,https://poocoin.app/tokens/0xf24c2d43ba5fecc46455f51272573a05d0f42b3d
TigerHH,TIGERHH,BSC,0x4120cce2b2f71866a18b9564aac3318f9db867a7,05 Feb 2022 04:25:27 GMT ,https://bscscan.com/token/0x4120cce2b2f71866a18b9564aac3318f9db867a7,https://tokensniffer.com/contract/0x4120cce2b2f71866a18b9564aac3318f9db867a7,https://tokensniffer.com/token/sm65ndxbban8jm4gnz8qo63vdkk96vjh1ks3m99ubi00dl6vzh2j5vkfqg9q?h=5467,0.0000284397,"1,000,000,000","25,087",https://poocoin.app/tokens/0x4120cce2b2f71866a18b9564aac3318f9db867a7
BABYZOOT,BABYZOOT,BSC,0xc25738a71f52b2f0462ae2ce49e91b00ed453de9,05 Feb 2022 07:35:50 GMT ,https://bscscan.com/token/0xc25738a71f52b2f0462ae2ce49e91b00ed453de9,https://tokensniffer.com/contract/0xc25738a71f52b2f0462ae2ce49e91b00ed453de9,https://tokensniffer.com/token/mbn1q8e0ve9q6z31njnizx8skdn9fadenbdlasdh33ffah6j4xxa2gs102ah?h=5471,0.000000000000000151884,"100,000,000",0,https://poocoin.app/tokens/0xc25738a71f52b2f0462ae2ce49e91b00ed453de9
SuperNovaToken,SNT,BSC,0x78d253587669d70d820c953f90c7f0b670ce34aa,05 Feb 2022 07:43:23 GMT ,https://bscscan.com/token/0x78d253587669d70d820c953f90c7f0b670ce34aa,https://tokensniffer.com/contract/0x78d253587669d70d820c953f90c7f0b670ce34aa,https://tokensniffer.com/token/q88vl42n10l3om1olvq3kukdh2qx2lgvnxbh15gp0zhexbqzxjkqxba0s9u9?h=5618,0.0000000000000000421901,"1,000,000,000",0,https://poocoin.app/tokens/0x78d253587669d70d820c953f90c7f0b670ce34aa
Hound,HOUND,BSC,0x42e625269d41876834fcccc9d4a0c1253c547bc4,05 Feb 2022 07:36:44 GMT ,https://bscscan.com/token/0x42e625269d41876834fcccc9d4a0c1253c547bc4,https://tokensniffer.com/contract/0x42e625269d41876834fcccc9d4a0c1253c547bc4,https://tokensniffer.com/token/snakin1nkh2s5p6vlqkv0sozbfdbbbh2s89xlb6n10lb54oem1sl5qj4p8bs?h=5530,0.000535353,"100,000,000","52,017",https://poocoin.app/tokens/0x42e625269d41876834fcccc9d4a0c1253c547bc4
ElonJetBaby,EJB,BSC,0x91a2aeb4940a3833f2ffcbfb8f54f930994b19e9,05 Feb 2022 07:24:23 GMT ,https://bscscan.com/token/0x91a2aeb4940a3833f2ffcbfb8f54f930994b19e9,https://tokensniffer.com/contract/0x91a2aeb4940a3833f2ffcbfb8f54f930994b19e9,https://tokensniffer.com/token/h69n9ajshsx9cfcg3p0ev050znz5zbgjigzjvozld1szgh0pdxhhsjfo6hah?h=5783,0.000000705117,"1,000,000,000",705,https://poocoin.app/tokens/0x91a2aeb4940a3833f2ffcbfb8f54f930994b19e9
瓦格米爸爸,瓦格米达,BSC,0x922009b8b2fd2f350fd8bf6e6aa0c16c9a461a81,05 Feb 2022 06:57:08 GMT ,https://bscscan.com/token/0x922009b8b2fd2f350fd8bf6e6aa0c16c9a461a81,https://tokensniffer.com/contract/0x922009b8b2fd2f350fd8bf6e6aa0c16c9a461a81,https://tokensniffer.com/token/hndnxxhjv4ujfnz82unz0lg1xmz2vjzukmmak99lxb6k8bh9sokef6p9vge6?h=5808,0.000,"1,000,000,000",0,https://poocoin.app/tokens/0x922009b8b2fd2f350fd8bf6e6aa0c16c9a461a81
瓦格米爸爸,瓦格米达,BSC,0x922009b8b2fd2f350fd8bf6e6aa0c16c9a461a81,05 Feb 2022 06:57:08 GMT ,https://bscscan.com/token/0x922009b8b2fd2f350fd8bf6e6aa0c16c9a461a81,https://tokensniffer.com/contract/0x922009b8b2fd2f350fd8bf6e6aa0c16c9a461a81,https://tokensniffer.com/token/h5n3nxxhdljvomjnzff2nzi0313px8fzu2vjc8zkak9o9xb4p6kbh9sk69v6?h=5575,0.000,"1,000,000,000",0,https://poocoin.app/tokens/0x922009b8b2fd2f350fd8bf6e6aa0c16c9a461a81
ElvanKing,ELVANKING,BSC,0xd78a0ec9124a99ea9c73d81f19b2d18f80c0c51e,05 Feb 2022 07:05:56 GMT ,https://bscscan.com/token/0xd78a0ec9124a99ea9c73d81f19b2d18f80c0c51e,https://tokensniffer.com/contract/0xd78a0ec9124a99ea9c73d81f19b2d18f80c0c51e,https://tokensniffer.com/token/23luqv9elxuabhg6ns9hdha9h33bq02v6cz6hjn26e3pvozvid8xbxulb16a?h=5501,0.000,"50,000,001,000,000",0,https://poocoin.app/tokens/0xd78a0ec9124a99ea9c73d81f19b2d18f80c0c51e
KING DREAM GRIMACE,KDG,BSC,0x33446a07eea3d023fec4bc0f658d0054f2a4db92,05 Feb 2022 07:05:44 GMT ,https://bscscan.com/token/0x33446a07eea3d023fec4bc0f658d0054f2a4db92,https://tokensniffer.com/contract/0x33446a07eea3d023fec4bc0f658d0054f2a4db92,https://tokensniffer.com/token/o00iossi3k9xpqaa902ixn0za3mbsjbxz4uk31v2xx81e85szon9s2jghegn?h=5494,0.000,"1,000,000,000,000,000",0,https://poocoin.app/tokens/0x33446a07eea3d023fec4bc0f658d0054f2a4db92
OlympicNO.1,OLYMPICNO.1,BSC,0xe9dc7a42b5fb9846bb17916a10a4cc3e2a09d99f,05 Feb 2022 06:15:43 GMT ,https://bscscan.com/token/0xe9dc7a42b5fb9846bb17916a10a4cc3e2a09d99f,https://tokensniffer.com/contract/0xe9dc7a42b5fb9846bb17916a10a4cc3e2a09d99f,https://tokensniffer.com/token/g8ah2pgbq9snpj1ligdz4jhvsk8jdj6qh6lk96x9sbbg0an9x8hu2mcpohhz?h=5655,0.0000000337295,"96,101,659,138","3,241",https://poocoin.app/tokens/0xe9dc7a42b5fb9846bb17916a10a4cc3e2a09d99f
SHIBAGOOSE,SHIBGO,BSC,0xff5f69b518da4cbfdc7e9c4c9f26bf2a5d1c4ec9,05 Feb 2022 06:54:08 GMT ,https://bscscan.com/token/0xff5f69b518da4cbfdc7e9c4c9f26bf2a5d1c4ec9,https://tokensniffer.com/contract/0xff5f69b518da4cbfdc7e9c4c9f26bf2a5d1c4ec9,https://tokensniffer.com/token/zize5o1zkhuuuj1o6v29ogmspbjz2pbqaihbsbh8znkmcjzn91m26bsllabh?h=5850,0.000,"50,000,000,000,000",0,https://poocoin.app/tokens/0xff5f69b518da4cbfdc7e9c4c9f26bf2a5d1c4ec9
ElonTiger,ELONTIGER,BSC,0x6982a3a47938f97bc49cb7bfe76a23445468521c,05 Feb 2022 07:01:08 GMT ,https://bscscan.com/token/0x6982a3a47938f97bc49cb7bfe76a23445468521c,https://tokensniffer.com/contract/0x6982a3a47938f97bc49cb7bfe76a23445468521c,https://tokensniffer.com/token/khcvni9509suqceih0vuoizmhqjbsmehbjuoqjzaqk9no0im4ss1skv13n6b?h=5855,3.0394,"10,000","30,394",https://poocoin.app/tokens/0x6982a3a47938f97bc49cb7bfe76a23445468521c
Battle Ninja,$BTN,BSC,0x8950609e6d25019c094abbc1f2a1ad9e10020c6d,04 Feb 2022 11:59:34 GMT ,https://bscscan.com/token/0x8950609e6d25019c094abbc1f2a1ad9e10020c6d,https://tokensniffer.com/contract/0x8950609e6d25019c094abbc1f2a1ad9e10020c6d,https://tokensniffer.com/token/vh1xkcxhmak2nu1xe6hbxhs39jd3joeeb6ezen9ipe692ha4e6xxnxbko5f2?h=5581,0.0000000190466,"100,000,000,000","1,143",https://poocoin.app/tokens/0x8950609e6d25019c094abbc1f2a1ad9e10020c6d
FomoKingToken,FKT,BSC,0xe45fc1bdd07f91278338eaafaf4720baf7caccd4,05 Feb 2022 06:43:16 GMT ,https://bscscan.com/token/0xe45fc1bdd07f91278338eaafaf4720baf7caccd4,https://tokensniffer.com/contract/0xe45fc1bdd07f91278338eaafaf4720baf7caccd4,https://tokensniffer.com/token/3aos1zcb6ji22xqzh6nqv00vamfg599z9zsqnox58j9zmqbolf9gb4b25d3s?h=5435,0.0000000000000000421875,"1,000,000,000",0,https://poocoin.app/tokens/0xe45fc1bdd07f91278338eaafaf4720baf7caccd4
BabyMUSK,BABYMUSK,BSC,0x9c260014a18c35d233ec32817471537a3f99a71e,05 Feb 2022 06:44:17 GMT ,https://bscscan.com/token/0x9c260014a18c35d233ec32817471537a3f99a71e,https://tokensniffer.com/contract/0x9c260014a18c35d233ec32817471537a3f99a71e,https://tokensniffer.com/token/hdb5nk8oxox6sf96vb012in00gabu0nvg6pq5sqd610d4qpu90zhih9gqp6a?h=5321,0.000,"100,000,000,000,000,000",0,https://poocoin.app/tokens/0x9c260014a18c35d233ec32817471537a3f99a71e
Tigerqueen,TIGERQUEEN,BSC,0x2e23f95e912b18e93ff8ae0b79899fc8abaf39cf,05 Feb 2022 06:33:37 GMT ,https://bscscan.com/token/0x2e23f95e912b18e93ff8ae0b79899fc8abaf39cf,https://tokensniffer.com/contract/0x2e23f95e912b18e93ff8ae0b79899fc8abaf39cf,https://tokensniffer.com/token/5unan04pzh1ugah6unjdm6vgaeh0zzv9axojcqhv3hehucz8bv9j95z0hdbz?h=5740,0.00802965,"1,000",8,https://poocoin.app/tokens/0x2e23f95e912b18e93ff8ae0b79899fc8abaf39cf
Meta Wagmi Coin,$MWC,BSC,0x104df5fcffab2fb15a564acd736a6b4d5e3d20d7,05 Feb 2022 05:58:37 GMT ,https://bscscan.com/token/0x104df5fcffab2fb15a564acd736a6b4d5e3d20d7,https://tokensniffer.com/contract/0x104df5fcffab2fb15a564acd736a6b4d5e3d20d7,https://tokensniffer.com/token/6xs2z1zcbpzz9djnzj6me191kmis9bcc2qoe0k9kc5ijs2mm1a02434nxd2q?h=5326,0.00000000000000337927,"100,100,000,000,000",0,https://poocoin.app/tokens/0x104df5fcffab2fb15a564acd736a6b4d5e3d20d7
DogeZillaQueen,DOGEZILLAQUEEN,BSC,0x12e843712d89ff795552d74596a9d09d5bfd8c85,05 Feb 2022 06:22:25 GMT ,https://bscscan.com/token/0x12e843712d89ff795552d74596a9d09d5bfd8c85,https://tokensniffer.com/contract/0x12e843712d89ff795552d74596a9d09d5bfd8c85,https://tokensniffer.com/token/6nau4vs0ldeqg6n2mvdhllzzpqh1c411nf2qs1hk9ho2xh21mj8uzm2vbgv1?h=5518,0.0000000000000125720,"100,000,000,000,000,000",619,https://poocoin.app/tokens/0x12e843712d89ff795552d74596a9d09d5bfd8c85
MetaKing,METAKING,BSC,0xf69c05ed7e08a7b0d33d8bceebd741dfc34b8371,05 Feb 2022 02:41:27 GMT ,https://bscscan.com/token/0xf69c05ed7e08a7b0d33d8bceebd741dfc34b8371,https://tokensniffer.com/contract/0xf69c05ed7e08a7b0d33d8bceebd741dfc34b8371,https://tokensniffer.com/token/c8zokuhbx1a2qo4a3xv9qjxp2002vjbafuaj2qsgpf62zb0sjvioc30mqcg6?h=5535,0.00000000355542,"100,000,000,000",356,https://poocoin.app/tokens/0xf69c05ed7e08a7b0d33d8bceebd741dfc34b8371
宝贝瓦格米,宝贝瓦格米,BSC,0xdb54bbe8576c321c358a6b31c560299f10826cb8,05 Feb 2022 06:04:49 GMT ,https://bscscan.com/token/0xdb54bbe8576c321c358a6b31c560299f10826cb8,https://tokensniffer.com/contract/0xdb54bbe8576c321c358a6b31c560299f10826cb8,https://tokensniffer.com/token/2j81sjjav1qkb0n6b50c1v9um3okj06lb1f4kxnhg4h3oz8d6xdcvdunkbjv?h=5403,0.000000000000104409,"1,000,000,000",0,https://poocoin.app/tokens/0xdb54bbe8576c321c358a6b31c560299f10826cb8
PooKing,POOKING,BSC,0xccaf2f91cd3b9df1b0bd719586bb0d4caa14bd8b,05 Feb 2022 06:03:19 GMT ,https://bscscan.com/token/0xccaf2f91cd3b9df1b0bd719586bb0d4caa14bd8b,https://tokensniffer.com/contract/0xccaf2f91cd3b9df1b0bd719586bb0d4caa14bd8b,https://tokensniffer.com/token/bb9zmn3zh6b20djh2doz6ijxoji2uq6mhpuf18vkgjj4dgmxg2sb996sj2vj?h=5557,0.00000000000125418,"1,000,000,000,000,000",878,https://poocoin.app/tokens/0xccaf2f91cd3b9df1b0bd719586bb0d4caa14bd8b
Baby Elvantis,BBYELV,BSC,0x2bfb3b2c9d9354adbe7b5f741d2433817c515600,05 Feb 2022 05:53:37 GMT ,https://bscscan.com/token/0x2bfb3b2c9d9354adbe7b5f741d2433817c515600,https://tokensniffer.com/contract/0x2bfb3b2c9d9354adbe7b5f741d2433817c515600,https://tokensniffer.com/token/pnjizudj04jnbch2phf801s9g2jaqj1zqs462nslf08044vf6qbe1f61ckxx?h=5295,0.000,"100,000,000",0,https://poocoin.app/tokens/0x2bfb3b2c9d9354adbe7b5f741d2433817c515600
Son of DogeQueen,SODQ,BSC,0x6b4d517c99f1221ca74ab568f7562e63f61406cf,05 Feb 2022 05:54:22 GMT ,https://bscscan.com/token/0x6b4d517c99f1221ca74ab568f7562e63f61406cf,https://tokensniffer.com/contract/0x6b4d517c99f1221ca74ab568f7562e63f61406cf,https://tokensniffer.com/token/kjs8241i6qgibhhzld6nn6mb9qs9cmj1klv8z53q1knoiamoffk0zk6sxkbz?h=5622,0.0000000000000116563,"100,000,000,000,000,000",576,https://poocoin.app/tokens/0x6b4d517c99f1221ca74ab568f7562e63f61406cf
BABYHELLO,BABYHELLO,BSC,0xe6e330b4ca98656a4ddb451e76e90b7d327b7537,05 Feb 2022 05:48:37 GMT ,https://bscscan.com/token/0xe6e330b4ca98656a4ddb451e76e90b7d327b7537,https://tokensniffer.com/contract/0xe6e330b4ca98656a4ddb451e76e90b7d327b7537,https://tokensniffer.com/token/akd588ad00xmjsb9hvdu5k1k9s2p2mmjsi1c6aoqkahxijqu20nmeqjq10dq?h=5502,0.000000000000000442949,"100,000,000",0,https://poocoin.app/tokens/0xe6e330b4ca98656a4ddb451e76e90b7d327b7537
Lil Elon X,LILELONX,BSC,0xcdd9b44327bed36371cf4f2b2a976fb3fe95b1f0,04 Feb 2022 19:11:01 GMT ,https://bscscan.com/token/0xcdd9b44327bed36371cf4f2b2a976fb3fe95b1f0,https://tokensniffer.com/contract/0xcdd9b44327bed36371cf4f2b2a976fb3fe95b1f0,https://tokensniffer.com/token/b22hfpjsgs0nqpuja20ik0cq6obzmg5sznjun59hoeqkzj0zmah1dj6zop4x?h=5738,,"1,000,000,000",$0,https://poocoin.app/tokens/0xcdd9b44327bed36371cf4f2b2a976fb3fe95b1f0
ShibaQueen,SHIQ,BSC,0x08d5222747f7e8d7501c5f7ae4a950760104bfec,05 Feb 2022 02:20:00 GMT ,https://bscscan.com/token/0x08d5222747f7e8d7501c5f7ae4a950760104bfec,https://tokensniffer.com/contract/0x08d5222747f7e8d7501c5f7ae4a950760104bfec,https://tokensniffer.com/token/xvi21dgnn8gnqscqzq3lapcuv42q1x6b1czfmq9lasf9h1xqkx68lxsjzaob?h=5777,0.000000584773,"100,000,000,000","58,477",https://poocoin.app/tokens/0x08d5222747f7e8d7501c5f7ae4a950760104bfec
CryptoRunneToken,CRT,BSC,0x7fb4cd6464d0c86e8c050c44a0b0a2446f4221b7,05 Feb 2022 05:28:13 GMT ,https://bscscan.com/token/0x7fb4cd6464d0c86e8c050c44a0b0a2446f4221b7,https://tokensniffer.com/contract/0x7fb4cd6464d0c86e8c050c44a0b0a2446f4221b7,https://tokensniffer.com/token/q4zjsob2gmksuksm2uxbvkad8gvbxf5p1xbsus98xjmux9inmusskzsnn6jq?h=6082,0.0000000000000000253112,"1,000,000,000",0,https://poocoin.app/tokens/0x7fb4cd6464d0c86e8c050c44a0b0a2446f4221b7
Shib Queen,SHIBQUEEN,BSC,0xad14ec18498445c419e4df348778a1cc84b02c50,05 Feb 2022 05:31:01 GMT ,https://bscscan.com/token/0xad14ec18498445c419e4df348778a1cc84b02c50,https://tokensniffer.com/contract/0xad14ec18498445c419e4df348778a1cc84b02c50,https://tokensniffer.com/token/92o6usab6pvshvsms1ubcs5u6ghas53i2z0s5pvpqqv9p6bbfv5sjxnpb1mx?h=5694,0.00000000000303358,"1,000,000,000,000,000","1,517",https://poocoin.app/tokens/0xad14ec18498445c419e4df348778a1cc84b02c50
META ELVANTIS INU,MEI,BSC,0x1d109c24126300c408383adebbf221fc77f810eb,05 Feb 2022 05:17:21 GMT ,https://bscscan.com/token/0x1d109c24126300c408383adebbf221fc77f810eb,https://tokensniffer.com/contract/0x1d109c24126300c408383adebbf221fc77f810eb,https://tokensniffer.com/token/626xhlbnsc6nkl0x5xbpsxvo0v0op92eajj3doznen6zpcpbqgqzv465xuaj?h=5730,0.000,"1,000,000",0,https://poocoin.app/tokens/0x1d109c24126300c408383adebbf221fc77f810eb
ValPigs,$VALPIGS,BSC,0xc4710bb6886a0af06dc6bacbbda19113023af646,05 Feb 2022 05:03:57 GMT ,https://bscscan.com/token/0xc4710bb6886a0af06dc6bacbbda19113023af646,https://tokensniffer.com/contract/0xc4710bb6886a0af06dc6bacbbda19113023af646,https://tokensniffer.com/token/bfls3cgq6xjjkvvke9x9uzxe4k2gbo4kmjp9lbj4j296h660x4nl09mozksk?h=5541,0.00000000507687,"1,000,000,000,000","5,077",https://poocoin.app/tokens/0xc4710bb6886a0af06dc6bacbbda19113023af646
MetaCity,MTCITY,BSC,0x5e692b967e22b67277433523e993c75e8f28446f,05 Feb 2022 05:04:12 GMT ,https://bscscan.com/token/0x5e692b967e22b67277433523e993c75e8f28446f,https://tokensniffer.com/contract/0x5e692b967e22b67277433523e993c75e8f28446f,https://tokensniffer.com/token/1aeukhndfcjmhkqannm4juckcqnd4qqs00fi1n0ahh0bllq1ldavfznvsskz?h=5920,0.0000000000000000970278,"1,000,000,000",0,https://poocoin.app/tokens/0x5e692b967e22b67277433523e993c75e8f28446f
瓦格米夫人,和米,BSC,0x88070a9097f5a98c117452ef7118a782781ddab3,05 Feb 2022 05:01:54 GMT ,https://bscscan.com/token/0x88070a9097f5a98c117452ef7118a782781ddab3,https://tokensniffer.com/contract/0x88070a9097f5a98c117452ef7118a782781ddab3,https://tokensniffer.com/token/vvclxqx9mhxhiqz19l3hvb66dqs1emnalzqg66ugvd8co9qvnqv62c829ij0?h=5629,0.000,"1,000,000,000",0,https://poocoin.app/tokens/0x88070a9097f5a98c117452ef7118a782781ddab3
DogeTiger,DOGETIGER,BSC,0x3d2a499cfc4eb0d3c80d82b5a2972de18795c020,05 Feb 2022 02:33:45 GMT ,https://bscscan.com/token/0x3d2a499cfc4eb0d3c80d82b5a2972de18795c020,https://tokensniffer.com/contract/0x3d2a499cfc4eb0d3c80d82b5a2972de18795c020,https://tokensniffer.com/token/0im2n9s4hhbzbsaipjxd2i0bvfux2vnjdde15m598lnhq3n2a6vfqh1bxgnx?h=5581,0.0000000000000473132,"50,010,000,000,000",2,https://poocoin.app/tokens/0x3d2a499cfc4eb0d3c80d82b5a2972de18795c020
SURVIVE,SURV,BSC,0x462553d02fc95d3c4136b51006d033e17a493930,05 Feb 2022 04:58:21 GMT ,https://bscscan.com/token/0x462553d02fc95d3c4136b51006d033e17a493930,https://tokensniffer.com/contract/0x462553d02fc95d3c4136b51006d033e17a493930,https://tokensniffer.com/token/skgn110l2xnzcb5g5h1e20bsp860ki58jg1m6x5gxk2px00a6oqo95sh0h0x?h=5090,0.000000000000000109678,"10,000,000,000,100,000,000,000","1,096,778",https://poocoin.app/tokens/0x462553d02fc95d3c4136b51006d033e17a493930
Baby Wagmi Coin,$BWC,BSC,0x4df7b2511d9fbb58e79af88390a2bb84dfaf0b96,05 Feb 2022 04:18:51 GMT ,https://bscscan.com/token/0x4df7b2511d9fbb58e79af88390a2bb84dfaf0b96,https://tokensniffer.com/contract/0x4df7b2511d9fbb58e79af88390a2bb84dfaf0b96,https://tokensniffer.com/token/s2zqjn146362hzjljm1valq4i3h9zvpv0mh3x9njijcvsge2z4c9z48xfjhk?h=5506,0.00000000000000422676,"100,100,000,000,000",0,https://poocoin.app/tokens/0x4df7b2511d9fbb58e79af88390a2bb84dfaf0b96
MoonDAO,MOON,BSC,0xdc640c3f4b66f2dca25d8edaf8e19c5f2e98e9d1,05 Feb 2022 04:56:03 GMT ,https://bscscan.com/token/0xdc640c3f4b66f2dca25d8edaf8e19c5f2e98e9d1,https://tokensniffer.com/contract/0xdc640c3f4b66f2dca25d8edaf8e19c5f2e98e9d1,https://tokensniffer.com/token/2bkgsx5bg0zsdjpmkkemzcmn2b49n1fe2va2io95zva6hub1znahvuah2fo6?h=5628,0.0000000000121776,"1,000,000,000,000,000","6,089",https://poocoin.app/tokens/0xdc640c3f4b66f2dca25d8edaf8e19c5f2e98e9d1
META ELVANTIS,MELV,BSC,0xf5c612b7106f63bdfc4b93d914c4a85b0a8ef206,05 Feb 2022 04:54:21 GMT ,https://bscscan.com/token/0xf5c612b7106f63bdfc4b93d914c4a85b0a8ef206,https://tokensniffer.com/contract/0xf5c612b7106f63bdfc4b93d914c4a85b0a8ef206,https://tokensniffer.com/token/zd31bk6njq564f4x4kplzk0j3g2zb8sjh0gl2h6sbslo9v331jx9vacznfxk?h=5408,0.000,"1,000,000",0,https://poocoin.app/tokens/0xf5c612b7106f63bdfc4b93d914c4a85b0a8ef206
WEB3LAND TOKEN,WT,BSC,0xc44e8c7d0039020127919dc60c748dca72726f86,05 Feb 2022 04:36:12 GMT ,https://bscscan.com/token/0xc44e8c7d0039020127919dc60c748dca72726f86,https://tokensniffer.com/contract/0xc44e8c7d0039020127919dc60c748dca72726f86,https://tokensniffer.com/token/bssafv3b8ql2xxg0hixnx63ncqpdmh68hm2bkgxbleeqsvi2bg9qnqn3kzvk?h=5842,0.0000000000000000421798,"1,000,000,000",0,https://poocoin.app/tokens/0xc44e8c7d0039020127919dc60c748dca72726f86
MessageParty,MSGP,BSC,0xf8c30224fcd77f7af0dd6f71ec0dd7151fe1a9bf,05 Feb 2022 04:29:51 GMT ,https://bscscan.com/token/0xf8c30224fcd77f7af0dd6f71ec0dd7151fe1a9bf,https://tokensniffer.com/contract/0xf8c30224fcd77f7af0dd6f71ec0dd7151fe1a9bf,https://tokensniffer.com/token/zfvbf0xncnsiuzolb8d2qqzq9zmx2g25kzq63afbxc22q616m8l5zla69hjz?h=5565,0.000,"1,000,000,000,000,000",0,https://poocoin.app/tokens/0xf8c30224fcd77f7af0dd6f71ec0dd7151fe1a9bf
Mc Pig,PIGGY,BSC,0xa009233ff17117a11fd23508f1f425dde10c6344,05 Feb 2022 04:32:21 GMT ,https://bscscan.com/token/0xa009233ff17117a11fd23508f1f425dde10c6344,https://tokensniffer.com/contract/0xa009233ff17117a11fd23508f1f425dde10c6344,https://tokensniffer.com/token/9xxhn00zz6q566ccmcqg5g9e566i4z23n0p1xvzo6zsen1422a6ixbmk0ses?h=5218,0.000,"1,000,000,000",0,https://poocoin.app/tokens/0xa009233ff17117a11fd23508f1f425dde10c6344
Panda,PANDA,BSC,0xa976d82e3798b0c084e1eea8d38462cc3093bdc1,05 Feb 2022 04:24:51 GMT ,https://bscscan.com/token/0xa976d82e3798b0c084e1eea8d38462cc3093bdc1,https://tokensniffer.com/contract/0xa976d82e3798b0c084e1eea8d38462cc3093bdc1,https://tokensniffer.com/token/g9hq5k2pvn5a0o54dqhv38j5xbxvsma6oaa9v20vsoknibb03xh4c04j82b6?h=5251,0.00000000000334284,"1,000,000,000,000,000",302,https://poocoin.app/tokens/0xa976d82e3798b0c084e1eea8d38462cc3093bdc1
Gleec,GLEEC,BSC,0x9e06778005add27810cb305c6b7ef5f74777c595,23 Oct 2021 23:24:14 GMT ,https://bscscan.com/token/0x9e06778005add27810cb305c6b7ef5f74777c595,https://tokensniffer.com/contract/0x9e06778005add27810cb305c6b7ef5f74777c595,https://tokensniffer.com/token/h3axkqqivxxc1922nofqu8lv6xbj0ix1lbkjqaz1gzqdiscqquiq3b1hlfm1?h=5796,0.0000000000000397105,"1,000,010,000,000,000",32,https://poocoin.app/tokens/0x9e06778005add27810cb305c6b7ef5f74777c595
Baby Shintama,BABYSHINTAMA,BSC,0xaeb549e99285ee50a5499f3a7b85b4901dc4a290,05 Feb 2022 04:00:39 GMT ,https://bscscan.com/token/0xaeb549e99285ee50a5499f3a7b85b4901dc4a290,https://tokensniffer.com/contract/0xaeb549e99285ee50a5499f3a7b85b4901dc4a290,https://tokensniffer.com/token/9afjd541lsdhcahhgnllv1aa1x91psfphhz09dqjv1jcoshlx62bsc9n3ehx?h=5596,0.000,"100,000,000,000,000,000",0,https://poocoin.app/tokens/0xaeb549e99285ee50a5499f3a7b85b4901dc4a290
Pig King,PIGKING,BSC,0x5dec84805669c0c80ef99106ccf79535d2c66a74,05 Feb 2022 04:03:33 GMT ,https://bscscan.com/token/0x5dec84805669c0c80ef99106ccf79535d2c66a74,https://tokensniffer.com/contract/0x5dec84805669c0c80ef99106ccf79535d2c66a74,https://tokensniffer.com/token/g12abi844vsvx1kkehmbx5dbvxazlhfh36uxkbcbzqh510d12nbk8k9lcuqs?h=5573,0.00000000000403028,"1,000,000,000,000,000","3,090",https://poocoin.app/tokens/0x5dec84805669c0c80ef99106ccf79535d2c66a74
DOGEprince,DOGEPRINCE,BSC,0x7aaf80697f2eac5083f8e1eaffda9aaea760ee82,05 Feb 2022 03:49:15 GMT ,https://bscscan.com/token/0x7aaf80697f2eac5083f8e1eaffda9aaea760ee82,https://tokensniffer.com/contract/0x7aaf80697f2eac5083f8e1eaffda9aaea760ee82,https://tokensniffer.com/token/gelq99zvxkhqcznap9bld1xv0zva6cuau9mzz29ufh998ia5g9qdkxaa4vin?h=5726,0.000000000000000295242,"100,000,000,000",-0,https://poocoin.app/tokens/0x7aaf80697f2eac5083f8e1eaffda9aaea760ee82
Shib King,SHIBKING,BSC,0x492c62ce7b35b487f9564756011dffc718e01ae5,05 Feb 2022 03:45:48 GMT ,https://bscscan.com/token/0x492c62ce7b35b487f9564756011dffc718e01ae5,https://tokensniffer.com/contract/0x492c62ce7b35b487f9564756011dffc718e01ae5,https://tokensniffer.com/token/shnb5knbaqujl0f1o5jsgvquzh1ksq1kx6ig62zpdz4b8q36vaoxo6l9maf1?h=5636,0.000000000000000687490,"1,000,000,000,000,000",0,https://poocoin.app/tokens/0x492c62ce7b35b487f9564756011dffc718e01ae5
WAGMIKing,WAGMIKING,BSC,0x4f50892cbc2877e8fe275ed0a254bf1901acd907,05 Feb 2022 03:43:42 GMT ,https://bscscan.com/token/0x4f50892cbc2877e8fe275ed0a254bf1901acd907,https://tokensniffer.com/contract/0x4f50892cbc2877e8fe275ed0a254bf1901acd907,https://tokensniffer.com/token/s4z5513gxvlhnmbjbnmivqmqp3avzanqe1a23xpo9ln1sjz6hx69fb2ehx3q?h=5652,0.00000000000129379,"1,000,000,000,000,000","1,294",https://poocoin.app/tokens/0x4f50892cbc2877e8fe275ed0a254bf1901acd907
Shintama Inu,SHINTAMA,BSC,0xf74a8569283e618468bc06e922aa1a12b38e76eb,05 Feb 2022 03:31:54 GMT ,https://bscscan.com/token/0xf74a8569283e618468bc06e922aa1a12b38e76eb,https://tokensniffer.com/contract/0xf74a8569283e618468bc06e922aa1a12b38e76eb,https://tokensniffer.com/token/zgqfmscl9e5v1kmfhenupv0ako46vs4kvjbxkeaghnn99p696nj0vpaqkdaj?h=5769,0.00000000000271714,"100,000,000,000",0,https://poocoin.app/tokens/0xf74a8569283e618468bc06e922aa1a12b38e76eb
SpotInu,SPOTINU,BSC,0xc034217109e1e01679fc6e2ae141cb6f857b9689,05 Feb 2022 03:28:21 GMT ,https://bscscan.com/token/0xc034217109e1e01679fc6e2ae141cb6f857b9689,https://tokensniffer.com/contract/0xc034217109e1e01679fc6e2ae141cb6f857b9689,https://tokensniffer.com/token/bx0sen6gq556xpiha6dapx6okqhdfzbkpca4nop9a6sd6b4jkfzv1qjhekvh?h=5738,0.000000000000105624,"1,000,000,000",0,https://poocoin.app/tokens/0xc034217109e1e01679fc6e2ae141cb6f857b9689
FlokiKing,FLOKIKING,BSC,0x187eeb9ed766ef3ef02e36daa95d9d91652250ea,05 Feb 2022 02:26:51 GMT ,https://bscscan.com/token/0x187eeb9ed766ef3ef02e36daa95d9d91652250ea,https://tokensniffer.com/contract/0x187eeb9ed766ef3ef02e36daa95d9d91652250ea,https://tokensniffer.com/token/6vqaajha2qkmlpkazm0azxna0mfk299mlci3h12hm8823h6kp1nnf5144xa9?h=5273,0.0000000000000581964,"50,100,000,000,000",3,https://poocoin.app/tokens/0x187eeb9ed766ef3ef02e36daa95d9d91652250ea
META BINAMON,BMON,BSC,0xcf3756fe8451b4e8e3395066ad2515af3f79f642,05 Feb 2022 02:48:39 GMT ,https://bscscan.com/token/0xcf3756fe8451b4e8e3395066ad2515af3f79f642,https://tokensniffer.com/contract/0xcf3756fe8451b4e8e3395066ad2515af3f79f642,https://tokensniffer.com/token/bgz0q1kzavsm163gjfmsa8va500h1em4xkuk492n16e1o9z0zudqhpz4ksgn?h=5410,0.000,"100,000,000",0,https://poocoin.app/tokens/0xcf3756fe8451b4e8e3395066ad2515af3f79f642
Doge Coin,DOGECOIN,BSC,0x405384c4545910d2f82c844f84dda05e47e9537c,05 Aug 2021 13:09:11 GMT ,https://bscscan.com/token/0x405384c4545910d2f82c844f84dda05e47e9537c,https://tokensniffer.com/contract/0x405384c4545910d2f82c844f84dda05e47e9537c,https://tokensniffer.com/token/ofsxg10vsbs1pcs81h6x2c3nzov3nibvsszipvs2cl29x1a3spqah1lf0q8b?h=5593,0.0000000000000000843098,"1,000,000,000,000",0,https://poocoin.app/tokens/0x405384c4545910d2f82c844f84dda05e47e9537c
SmartInu,SMARTINU,BSC,0xb3cfe1c97b9b146b659e96ba0137973e7293f59e,05 Feb 2022 03:09:42 GMT ,https://bscscan.com/token/0xb3cfe1c97b9b146b659e96ba0137973e7293f59e,https://tokensniffer.com/contract/0xb3cfe1c97b9b146b659e96ba0137973e7293f59e,https://tokensniffer.com/token/j05bzilal6ubhq8jghcj63skljk18hachkj9x60qhiq0u8damq4nh0zc1hda?h=5514,0.000000000000105662,"1,000,000,000",0,https://poocoin.app/tokens/0xb3cfe1c97b9b146b659e96ba0137973e7293f59e
Wagmi King,WAG,BSC,0x1ea3ee2e041b7bb51eef38e73ed06ba22e3984a5,05 Feb 2022 02:36:51 GMT ,https://bscscan.com/token/0x1ea3ee2e041b7bb51eef38e73ed06ba22e3984a5,https://tokensniffer.com/contract/0x1ea3ee2e041b7bb51eef38e73ed06ba22e3984a5,https://tokensniffer.com/token/6la90pacanpaxs6ljqjfj16faaz0vaq0a2fxkj98nn5la08o8hvmii3ds391?h=5371,0.0000519209,"1,000,000,000","51,921",https://poocoin.app/tokens/0x1ea3ee2e041b7bb51eef38e73ed06ba22e3984a5
Wagmi Shiba,WAGMISHIBA,BSC,0x250447b08baf8cf5b2393a3ae57b76b43a0d7aed,05 Feb 2022 02:56:03 GMT ,https://bscscan.com/token/0x250447b08baf8cf5b2393a3ae57b76b43a0d7aed,https://tokensniffer.com/contract/0x250447b08baf8cf5b2393a3ae57b76b43a0d7aed,https://tokensniffer.com/token/nl1xosspqfjxvjcl9zvblz1djn0h4u0ipm9f0c9a1qjqkjsic09x2upq9ma2?h=5700,0.00000000000410857,"10,000,000,000",0,https://poocoin.app/tokens/0x250447b08baf8cf5b2393a3ae57b76b43a0d7aed
Meta Car,METACAR,BSC,0x59a57304cbbecfecdc964af77666bc15dc916b80,05 Feb 2022 02:40:24 GMT ,https://bscscan.com/token/0x59a57304cbbecfecdc964af77666bc15dc916b80,https://tokensniffer.com/contract/0x59a57304cbbecfecdc964af77666bc15dc916b80,https://tokensniffer.com/token/1gc5hg91pq0xs4bjujaib8izab2bhks389zqqkkikjb61cdg442b3dh6kjvx?h=5415,0.0000000000000000210787,"1,000,000,000,000,000",0,https://poocoin.app/tokens/0x59a57304cbbecfecdc964af77666bc15dc916b80
Mr WAGMI,WAGMI,BSC,0xe81edcc18612564dadd0600f09a70fb6444a4d68,05 Feb 2022 02:40:27 GMT ,https://bscscan.com/token/0xe81edcc18612564dadd0600f09a70fb6444a4d68,https://tokensniffer.com/contract/0xe81edcc18612564dadd0600f09a70fb6444a4d68,https://tokensniffer.com/token/av6lae2bb6vk6ngg1ks2922x4dieokxxpz3xgfhuc9qxzjkdssps49fs2ukv?h=5714,0.000,"1,000,000,000",0,https://poocoin.app/tokens/0xe81edcc18612564dadd0600f09a70fb6444a4d68
SuperInu,SUPERINU,BSC,0x2183b0e235abb481e8155f2fde6d89142d9bb592,05 Feb 2022 02:39:54 GMT ,https://bscscan.com/token/0x2183b0e235abb481e8155f2fde6d89142d9bb592,https://tokensniffer.com/contract/0x2183b0e235abb481e8155f2fde6d89142d9bb592,https://tokensniffer.com/token/n6v0jxian0d1i9j85jsvuldm6opavg611zgnz2damk2ovh6sn2hjdgigj1hn?h=5584,0.0000000000000993020,"1,000,000,000",0,https://poocoin.app/tokens/0x2183b0e235abb481e8155f2fde6d89142d9bb592
WagmiDoge,WAGMIDOGE,BSC,0xbbd54fcf37c67c9c9f3515656377ad9b5b7701d6,05 Feb 2022 02:28:39 GMT ,https://bscscan.com/token/0xbbd54fcf37c67c9c9f3515656377ad9b5b7701d6,https://tokensniffer.com/contract/0xbbd54fcf37c67c9c9f3515656377ad9b5b7701d6,https://tokensniffer.com/token/djj21sz4bzd50qbddukq5cbchbuhz801g6e1k1k0qq92hj1jim4qqlx652ck?h=5315,0.00000000122430,"1,000,000,000,000","1,188",https://poocoin.app/tokens/0xbbd54fcf37c67c9c9f3515656377ad9b5b7701d6
MiniTiger,MINITIGER,BSC,0x58f9187fe36cba26b063c6687ee42be2d2df63c8,05 Feb 2022 02:30:03 GMT ,https://bscscan.com/token/0x58f9187fe36cba26b063c6687ee42be2d2df63c8,https://tokensniffer.com/contract/0x58f9187fe36cba26b063c6687ee42be2d2df63c8,https://tokensniffer.com/token/1uvuzelh6pivgqcza0kbggj49nkojfcxkol0bcikkvqauaspnjan2n2zk0bv?h=5973,0.000000000156384,"500,020,000",0,https://poocoin.app/tokens/0x58f9187fe36cba26b063c6687ee42be2d2df63c8
ShibFinance,SHIBFIN,BSC,0xc0987cef57486650acb969047cc3edc7ecf8605e,05 Feb 2022 02:02:24 GMT ,https://bscscan.com/token/0xc0987cef57486650acb969047cc3edc7ecf8605e,https://tokensniffer.com/contract/0xc0987cef57486650acb969047cc3edc7ecf8605e,https://tokensniffer.com/token/b34xhvlqbaz1qsvkfk1x9bjgh85kefdhxsfluqbb03am2bq8abzuvkxd41ia?h=5727,0.0000000000110559,"50,000,100,000,000",553,https://poocoin.app/tokens/0xc0987cef57486650acb969047cc3edc7ecf8605e
MiniWagmi,MINIWAGMI,BSC,0x4a7677ab87af1ae3e8dc48fd24a5056d3777c7ff,05 Feb 2022 02:06:57 GMT ,https://bscscan.com/token/0x4a7677ab87af1ae3e8dc48fd24a5056d3777c7ff,https://tokensniffer.com/contract/0x4a7677ab87af1ae3e8dc48fd24a5056d3777c7ff,https://tokensniffer.com/token/speg5493qikmqgq9cjviq9z69a0apv2bsvcz2n8s91x1k2u0qqf8qblqoizz?h=5573,0.00000000115928,"1,000,000,000,000","1,085",https://poocoin.app/tokens/0x4a7677ab87af1ae3e8dc48fd24a5056d3777c7ff
Mommy Wagmi,MOMWAGMI,BSC,0x393ac43dda6fc764e33c5a5b27321d66464be9a8,05 Feb 2022 02:05:12 GMT ,https://bscscan.com/token/0x393ac43dda6fc764e33c5a5b27321d66464be9a8,https://tokensniffer.com/contract/0x393ac43dda6fc764e33c5a5b27321d66464be9a8,https://tokensniffer.com/token/i40h0m9bds022g9kzbqksa003fb4f19d1jnql8m0n62koksksja3hi8d9gdv?h=5182,0.000,"1,000,000,000",0,https://poocoin.app/tokens/0x393ac43dda6fc764e33c5a5b27321d66464be9a8
Alphamatic,AMATIC,BSC,0x3c841c4dbb79d9007b118fa59d7dc9a67e364881,05 Feb 2022 02:05:39 GMT ,https://bscscan.com/token/0x3c841c4dbb79d9007b118fa59d7dc9a67e364881,https://tokensniffer.com/contract/0x3c841c4dbb79d9007b118fa59d7dc9a67e364881,https://tokensniffer.com/token/0bvmos6beps2jjqmh2hx5xqjeg6g6u4v4zp93d1h2q2bh95gkqaeg0kosvv6?h=5502,0.000000000000000122269,"10,000,000,000,100,000,000,000","1,222,691",https://poocoin.app/tokens/0x3c841c4dbb79d9007b118fa59d7dc9a67e364881
ChineseWagmiInu,CHINESEWAGMIINU,BSC,0x45e91ce26eae6ac42165d5d8f164cbbbdf267de2,05 Feb 2022 01:47:09 GMT ,https://bscscan.com/token/0x45e91ce26eae6ac42165d5d8f164cbbbdf267de2,https://tokensniffer.com/contract/0x45e91ce26eae6ac42165d5d8f164cbbbdf267de2,https://tokensniffer.com/token/sd15ah6banka9aki9bsn5g6k12f88c1332vlz6k3sbjjjd3288zn5kq2daon?h=5134,0.00000000000285925,"1,000,000,000,000,000","2,859",https://poocoin.app/tokens/0x45e91ce26eae6ac42165d5d8f164cbbbdf267de2
ElonValentine,ELONVALENTINE,BSC,0xf82ce08ce7e5ec07fadcd3a9ef98ef326b1d004b,05 Feb 2022 01:46:24 GMT ,https://bscscan.com/token/0xf82ce08ce7e5ec07fadcd3a9ef98ef326b1d004b,https://tokensniffer.com/contract/0xf82ce08ce7e5ec07fadcd3a9ef98ef326b1d004b,https://tokensniffer.com/token/fzvnbaoxvbaqa1ad8bgxqz9i2b320pc9hazhvaz0nkjfefeg6524xf5x38sj?h=5562,0.000000000971454,"1,000,000,000,000",964,https://poocoin.app/tokens/0xf82ce08ce7e5ec07fadcd3a9ef98ef326b1d004b
Elvantis,ELV,BSC,0xf7603636267a0acbc6781c3d97e9dd244cdaa4d4,05 Feb 2022 00:51:24 GMT ,https://bscscan.com/token/0xf7603636267a0acbc6781c3d97e9dd244cdaa4d4,https://tokensniffer.com/contract/0xf7603636267a0acbc6781c3d97e9dd244cdaa4d4,https://tokensniffer.com/token/zqkxu0k0ku4ngkgq9gx9bpjbkq4v8fdc64b0p2hqdahm822nsscb29f9su2s?h=5489,0.0281645,"80,000,000","2,253,158",https://poocoin.app/tokens/0xf7603636267a0acbc6781c3d97e9dd244cdaa4d4
GOOF,GOOFY,BSC,0x2893402126cff8a1cdc1243053d94b20c622108b,11 Jun 2021 06:34:32 GMT ,https://bscscan.com/token/0x2893402126cff8a1cdc1243053d94b20c622108b,https://tokensniffer.com/contract/0x2893402126cff8a1cdc1243053d94b20c622108b,https://tokensniffer.com/token/enuvh0usxn6nkbzuzve936b2b6mns0x10lp2chsjilnoxbp5lknnl6xovu8j?h=5806,0.000,"1,000,000,000,000,000",0,https://poocoin.app/tokens/0x2893402126cff8a1cdc1243053d94b20c622108b
Dog king grandpa,DOG KING GRANDPA,BSC,0x944ac22af064e500df9863403504d0caf1173701,05 Feb 2022 01:22:45 GMT ,https://bscscan.com/token/0x944ac22af064e500df9863403504d0caf1173701,https://tokensniffer.com/contract/0x944ac22af064e500df9863403504d0caf1173701,https://tokensniffer.com/token/hss9bmnen9zx3kmsa1xx2zphvc8pokp0sx4015iixs82xbo9zl56p6cq0qx6?h=5561,0.000,"1,000,000,000,000,000",0,https://poocoin.app/tokens/0x944ac22af064e500df9863403504d0caf1173701
Mrs Wagmi,MWAGMI,BSC,0x93e433d31d477dc14a25ad16b7ffcc0f10df9138,05 Feb 2022 01:19:36 GMT ,https://bscscan.com/token/0x93e433d31d477dc14a25ad16b7ffcc0f10df9138,https://tokensniffer.com/contract/0x93e433d31d477dc14a25ad16b7ffcc0f10df9138,https://tokensniffer.com/token/h0uas0m025063i2msqqpf2b6os934noe193246ckjqzzbbxz6px28zh6d03v?h=5080,0.000,"1,000,000,000",0,https://poocoin.app/tokens/0x93e433d31d477dc14a25ad16b7ffcc0f10df9138
KOILAP,KOILAP,BSC,0x9811af298730fa308155b30d088b423116e061c6,05 Feb 2022 01:23:21 GMT ,https://bscscan.com/token/0x9811af298730fa308155b30d088b423116e061c6,https://tokensniffer.com/contract/0x9811af298730fa308155b30d088b423116e061c6,https://tokensniffer.com/token/mh4vf8c65698dzgnhvq0xz90xv6lm11lj0xd2mxvmvjsn06u64kaxkm6l8bk?h=5411,0.000,"100,000,069,000,000,000",0,https://poocoin.app/tokens/0x9811af298730fa308155b30d088b423116e061c6
FLYDOGE,FLYDOGE,BSC,0x9b519d35b5c3bfb75a1298d906700b9f2c45f6dd,06 Feb 2022 07:07:38 GMT ,https://bscscan.com/token/0x9b519d35b5c3bfb75a1298d906700b9f2c45f6dd,https://tokensniffer.com/contract/0x9b519d35b5c3bfb75a1298d906700b9f2c45f6dd,https://tokensniffer.com/token/hj16hdp20l1dj1b0ej3gzjeql196pnmpmpihvol2hxdkqx5xj5hznbs1zk22?h=5539,0.0000000000000239083,100000069000000000,"2,200",https://poocoin.app/tokens/0x9b519d35b5c3bfb75a1298d906700b9f2c45f6dd
CryptoMagnet,CROMAG,BSC,0xf8a08c34072b2155231a52e76b8c0896e841ee51,06 Feb 2022 06:06:47 GMT ,https://bscscan.com/token/0xf8a08c34072b2155231a52e76b8c0896e841ee51,https://tokensniffer.com/contract/0xf8a08c34072b2155231a52e76b8c0896e841ee51,https://tokensniffer.com/token/z45v9xvpb0sxqnjufn56d11n0e69313lnaqkjvb4xv8hka4o83fvsm6ama16?h=5302,0.00000000000978264,1000000000000000,"4,891",https://poocoin.app/tokens/0xf8a08c34072b2155231a52e76b8c0896e841ee51
BNBSmoking,BNBSMOKING,BSC,0x6b6255ba9c89b4a55afb7d8adb8c0ecbbd98da9d,06 Feb 2022 06:54:29 GMT ,https://bscscan.com/token/0x6b6255ba9c89b4a55afb7d8adb8c0ecbbd98da9d,https://tokensniffer.com/contract/0x6b6255ba9c89b4a55afb7d8adb8c0ecbbd98da9d,https://tokensniffer.com/token/3mkujlkni11j9hmbvhjsm9i119zjq5c2v9c2jvboxabjj25hv2e9iioh8uf2?h=5471,,100000000000,,https://poocoin.app/tokens/0x6b6255ba9c89b4a55afb7d8adb8c0ecbbd98da9d
ELON JET,EJ,BSC,0x51018673d89dfb4bff90d60d18d2e752f891fa35,06 Feb 2022 06:55:47 GMT ,https://bscscan.com/token/0x51018673d89dfb4bff90d60d18d2e752f891fa35,https://tokensniffer.com/contract/0x51018673d89dfb4bff90d60d18d2e752f891fa35,https://tokensniffer.com/token/16x6vkq0u2cvghdd2zfiejsjuzzch3x2k4x2i86v32neaq1nzvh64z9e3301?h=5318,0.0000663386,1000000000,"66,339",https://poocoin.app/tokens/0x51018673d89dfb4bff90d60d18d2e752f891fa35
六六大顺,六六大顺,BSC,0xdbca0cf6a02cb773409467dbeeeb9d45277a4f32,06 Feb 2022 06:51:20 GMT ,https://bscscan.com/token/0xdbca0cf6a02cb773409467dbeeeb9d45277a4f32,https://tokensniffer.com/contract/0xdbca0cf6a02cb773409467dbeeeb9d45277a4f32,https://tokensniffer.com/token/2jpb4f93xb4zik59o4upxnbujqq0sdcxhskcq2ejaaajeh2s1nqq9d8scz0n?h=5647,0.0000117947,10000000000,"10,580",https://poocoin.app/tokens/0xdbca0cf6a02cb773409467dbeeeb9d45277a4f32
DogeSmoking,DOGESMOKING,BSC,0xdfa071407020839983c7c35f33175bc4149055fb,06 Feb 2022 06:50:32 GMT ,https://bscscan.com/token/0xdfa071407020839983c7c35f33175bc4149055fb,https://tokensniffer.com/contract/0xdfa071407020839983c7c35f33175bc4149055fb,https://tokensniffer.com/token/u2z49xgpq6sxqxgnxuvip0hhvfl0bqb301z00e6dq1jbos64d8shxdg1d1zj?h=5537,0.000000750360,100000000000,"37,518",https://poocoin.app/tokens/0xdfa071407020839983c7c35f33175bc4149055fb
中国总督,打狗,BSC,0x6faa47955988dd506ea931be21d25a1ac3c8f789,06 Feb 2022 06:41:38 GMT ,https://bscscan.com/token/0x6faa47955988dd506ea931be21d25a1ac3c8f789,https://tokensniffer.com/contract/0x6faa47955988dd506ea931be21d25a1ac3c8f789,https://tokensniffer.com/token/kzu99s8qih11l4uhvv2821xka9duhf0o6jeacn62ncu19698mb504bovzqvh?h=5250,0.0000224934,1000000000,"11,860",https://poocoin.app/tokens/0x6faa47955988dd506ea931be21d25a1ac3c8f789
BNBKing,BNBKING,BSC,0xfd7e64bedf4ce24cf2ff7f4b20198b1bedf578f7,06 Feb 2022 06:18:47 GMT ,https://bscscan.com/token/0xfd7e64bedf4ce24cf2ff7f4b20198b1bedf578f7,https://tokensniffer.com/contract/0xfd7e64bedf4ce24cf2ff7f4b20198b1bedf578f7,https://tokensniffer.com/token/z2qmaksjoa2ffizsbansmboluzepfnzfzqzspjndx6hvej68jaf2ze1qvziq?h=6168,0.000000135590,100000000000,"6,287",https://poocoin.app/tokens/0xfd7e64bedf4ce24cf2ff7f4b20198b1bedf578f7
CryptoBall,CRYPTOBALL,BSC,0xcf8d7272bc3a918a7388d271a733f0761df5799d,06 Feb 2022 06:28:08 GMT ,https://bscscan.com/token/0xcf8d7272bc3a918a7388d271a733f0761df5799d,https://tokensniffer.com/contract/0xcf8d7272bc3a918a7388d271a733f0761df5799d,https://tokensniffer.com/token/bzv2qndqnojdb8p0ol9h46v9q50vv28niq6d39q00zdpfxqk62mz1qh8dho2?h=5379,0.00000000000000660806,1000000000000000,1,https://poocoin.app/tokens/0xcf8d7272bc3a918a7388d271a733f0761df5799d
DYO,DYO,BSC,0x2f5f54267249758987d0f4e5638821b7e8f96e26,01 Feb 2022 06:30:40 GMT ,https://bscscan.com/token/0x2f5f54267249758987d0f4e5638821b7e8f96e26,https://tokensniffer.com/contract/0x2f5f54267249758987d0f4e5638821b7e8f96e26,https://tokensniffer.com/token/noz1mz1snd5kqnshq1vh5vl8q2xzseua1k04vvnp365j3o4qavzghkoaengk?h=5738,0.000000188869,100000000000,"18,870",https://poocoin.app/tokens/0x2f5f54267249758987d0f4e5638821b7e8f96e26
中国女足,足球,BSC,0x7ec63f89c95cfb62d575a696a0078e40269b1122,06 Feb 2022 05:56:32 GMT ,https://bscscan.com/token/0x7ec63f89c95cfb62d575a696a0078e40269b1122,https://tokensniffer.com/contract/0x7ec63f89c95cfb62d575a696a0078e40269b1122,https://tokensniffer.com/token/quafubkp4e0cgzivlmhbho1bgzjkfen21q19k3hok398xxqvasxnkhj866nn?h=5719,0.0000000000000000713300,1000000000,0,https://poocoin.app/tokens/0x7ec63f89c95cfb62d575a696a0078e40269b1122
King,KING,BSC,0x3e2f7da1276efd97d57c2c77ee4ac02be2e5efe5,06 Feb 2022 05:57:44 GMT ,https://bscscan.com/token/0x3e2f7da1276efd97d57c2c77ee4ac02be2e5efe5,https://tokensniffer.com/contract/0x3e2f7da1276efd97d57c2c77ee4ac02be2e5efe5,https://tokensniffer.com/token/f0aunzq296nlqkfgauez2c5hqc21qbnbqq5oaadisl9bdxcn8ejana1az3a1?h=5614,0.0000000000253315,1000000000000000,"3,950",https://poocoin.app/tokens/0x3e2f7da1276efd97d57c2c77ee4ac02be2e5efe5
Shibtama Inu,SHIBTAMA,BSC,0x1a7a0a4ec7b06da40ee5843d2a29ee25fe796d5e,06 Feb 2022 05:51:41 GMT ,https://bscscan.com/token/0x1a7a0a4ec7b06da40ee5843d2a29ee25fe796d5e,https://tokensniffer.com/contract/0x1a7a0a4ec7b06da40ee5843d2a29ee25fe796d5e,https://tokensniffer.com/token/694eqd9x9sgabqop5jxkmm28i9s4x4aa1mvs03f2n9nl8haan1czaqhku21a?h=5360,0.00000000000000867054,100000000000000000,763,https://poocoin.app/tokens/0x1a7a0a4ec7b06da40ee5843d2a29ee25fe796d5e
Doge Luca,$DLUCA,BSC,0xdae29d147f9bc175b1376593f886a924be89b722,06 Feb 2022 04:48:32 GMT ,https://bscscan.com/token/0xdae29d147f9bc175b1376593f886a924be89b722,https://tokensniffer.com/contract/0xdae29d147f9bc175b1376593f886a924be89b722,https://tokensniffer.com/token/29ganhf236fmsqzhl8jbd6q1j60qke1h0fl4zvivuk49hnmsj8gga3vhjqnn?h=5530,0.000000943202,1000000000,943,https://poocoin.app/tokens/0xdae29d147f9bc175b1376593f886a924be89b722
AghettoCoin,AGC,BSC,0x5df550045a8881f321322fa09cf60731bf29cf8d,06 Feb 2022 05:29:26 GMT ,https://bscscan.com/token/0x5df550045a8881f321322fa09cf60731bf29cf8d,https://tokensniffer.com/contract/0x5df550045a8881f321322fa09cf60731bf29cf8d,https://tokensniffer.com/token/12pmz11cxxs194vvilv4836z0n60nnip4zg9xhubzkxuuq30g6jzunhbzev2?h=5524,0.00000238003,100000000000,"228,532",https://poocoin.app/tokens/0x5df550045a8881f321322fa09cf60731bf29cf8d
CryptoPRO,CROPRO,BSC,0x7c39fae717cdea56e3868a45e492cdec0f021324,06 Feb 2022 05:15:56 GMT ,https://bscscan.com/token/0x7c39fae717cdea56e3868a45e492cdec0f021324,https://tokensniffer.com/contract/0x7c39fae717cdea56e3868a45e492cdec0f021324,https://tokensniffer.com/token/qb0he83z49aq6qb2a89dffmc1gkal0vk5v9s1asphnb2ua5mbmxzxn6d40ns?h=5398,0.00000000000000274209,1000000000000000,1,https://poocoin.app/tokens/0x7c39fae717cdea56e3868a45e492cdec0f021324
FomoKingToken,FKT,BSC,0xd2b00056951d30cb4fd0379f991f7f3ec4f2e0f3,06 Feb 2022 05:10:59 GMT ,https://bscscan.com/token/0xd2b00056951d30cb4fd0379f991f7f3ec4f2e0f3,https://tokensniffer.com/contract/0xd2b00056951d30cb4fd0379f991f7f3ec4f2e0f3,https://tokensniffer.com/token/2njxifx5xp14igkh1620fxcbj3sz2x80q4h3zohh6pzqz0ocabsef8znaxz0?h=5536,0.0000000000202063,1000000000,0,https://poocoin.app/tokens/0xd2b00056951d30cb4fd0379f991f7f3ec4f2e0f3
BabySquidGames,BABYSQ,BSC,0x30669754738f44831e6da0fad516cf85e383fe87,05 Nov 2021 09:06:53 GMT ,https://bscscan.com/token/0x30669754738f44831e6da0fad516cf85e383fe87,https://tokensniffer.com/contract/0x30669754738f44831e6da0fad516cf85e383fe87,https://tokensniffer.com/token/of40eexkkhgq134usq0vzldssve04e6ak259xz9p216kb5zv1a804v0z4avq?h=5262,0.000,2000000000000069000000000,0,https://poocoin.app/tokens/0x30669754738f44831e6da0fad516cf85e383fe87
国王讽刺,讽刺,BSC,0xb6e92e3f6226cf4e02c2b830dd226b37467e377b,06 Feb 2022 03:45:47 GMT ,https://bscscan.com/token/0xb6e92e3f6226cf4e02c2b830dd226b37467e377b,https://tokensniffer.com/contract/0xb6e92e3f6226cf4e02c2b830dd226b37467e377b,https://tokensniffer.com/token/jkamhgfnea0zckdlnen5kbgzsaxnbmnjv0x22nn3mk8j0p43qskqa0dipqqj?h=5829,0.00000000000000967165,1000000000,0,https://poocoin.app/tokens/0xb6e92e3f6226cf4e02c2b830dd226b37467e377b
DOGELAND,DOGELAND,BSC,0xbf8e0712d9b538203e95113d55535eabc96bd723,06 Feb 2022 02:55:41 GMT ,https://bscscan.com/token/0xbf8e0712d9b538203e95113d55535eabc96bd723,https://tokensniffer.com/contract/0xbf8e0712d9b538203e95113d55535eabc96bd723,https://tokensniffer.com/token/cjlzvauxq6n2hje10vnx0a5hdu415660c211101ai9goegj8bhkmj2dqonl0?h=5195,0.000000000000155227,1000000000,0,https://poocoin.app/tokens/0xbf8e0712d9b538203e95113d55535eabc96bd723
Smoking,SMOKING,BSC,0xae47056cb21b306736b05433f7ef166adf66be98,06 Feb 2022 03:21:20 GMT ,https://bscscan.com/token/0xae47056cb21b306736b05433f7ef166adf66be98,https://tokensniffer.com/contract/0xae47056cb21b306736b05433f7ef166adf66be98,https://tokensniffer.com/token/p93aspmq3xul1kbjn6je0xikof8iq0kjx1s0g0czqa3z6dkk92zemlkkjahv?h=5662,0.0000000000234694,1000000000000000,"18,776",https://poocoin.app/tokens/0xae47056cb21b306736b05433f7ef166adf66be98
THANK YOU FOR SMOKING,SMOKE,BSC,0x53f31b2e5b85f99574e580a9c2670eb0f70ce6ef,06 Feb 2022 03:07:14 GMT ,https://bscscan.com/token/0x53f31b2e5b85f99574e580a9c2670eb0f70ce6ef,https://tokensniffer.com/contract/0x53f31b2e5b85f99574e580a9c2670eb0f70ce6ef,https://tokensniffer.com/token/pc10uz068jmn5la1jv1zuhehe1qsa13v3x9gh4bn5lkqxaopjmxzqxbaokaz?h=5689,0.0000807937,1000000000,"80,794",https://poocoin.app/tokens/0x53f31b2e5b85f99574e580a9c2670eb0f70ce6ef
KINAMIYO,KINAMIYO,BSC,0xaab7127e4ef75c52b849c6eac523890e397fb7d8,06 Feb 2022 02:49:44 GMT ,https://bscscan.com/token/0xaab7127e4ef75c52b849c6eac523890e397fb7d8,https://tokensniffer.com/contract/0xaab7127e4ef75c52b849c6eac523890e397fb7d8,https://tokensniffer.com/token/9c9j8q6nqasa5ziigq1ibd1umpnjivsp5hbuka9b1n0vhx4a4pc0hqzjq82v?h=5602,0.0000000000263530,1000000000000000,"26,353",https://poocoin.app/tokens/0xaab7127e4ef75c52b849c6eac523890e397fb7d8
鬼脸王,鬼脸,BSC,0x0fb8f5c95c3823848e742cb6ffb80513cf8868e5,06 Feb 2022 02:45:32 GMT ,https://bscscan.com/token/0x0fb8f5c95c3823848e742cb6ffb80513cf8868e5,https://tokensniffer.com/contract/0x0fb8f5c95c3823848e742cb6ffb80513cf8868e5,https://tokensniffer.com/token/xzjvgmz1bmhl15le5b5u40evn0cvgsvaqsun5bjklzzjvx160bzuvpvkvaf1?h=5851,0.000,1000000000,0,https://poocoin.app/tokens/0x0fb8f5c95c3823848e742cb6ffb80513cf8868e5
Smoking,SMOKING,BSC,0x4e6c53652efb76899ebc8f0c564b46e20c79d47b,06 Feb 2022 02:30:05 GMT ,https://bscscan.com/token/0x4e6c53652efb76899ebc8f0c564b46e20c79d47b,https://tokensniffer.com/contract/0x4e6c53652efb76899ebc8f0c564b46e20c79d47b,https://tokensniffer.com/token/osaku4ibf1m0ik81dunapzjq4kdv4hhcgajbvzxb1ksjspkalnxbq3h2sqij?h=5903,0.0000000000790359,1000000000000000,"10,348",https://poocoin.app/tokens/0x4e6c53652efb76899ebc8f0c564b46e20c79d47b
BABY LUNA INU,$BABYLUNAINU,BSC,0x000692e93659b8f456c76442e7b1a9e799a9bbed,06 Feb 2022 02:29:20 GMT ,https://bscscan.com/token/0x000692e93659b8f456c76442e7b1a9e799a9bbed,https://tokensniffer.com/contract/0x000692e93659b8f456c76442e7b1a9e799a9bbed,https://tokensniffer.com/token/exxdxkhnahm0k81hglcjpvzs1klbqkssenicaqiojo6ei89haqehh89hjja2?h=5881,0.000,1000000000,0,https://poocoin.app/tokens/0x000692e93659b8f456c76442e7b1a9e799a9bbed
SmokingDoge,SMOKINGDOGE,BSC,0xcef941a55ef21238d1c26043c16613d68f2e1f2b,06 Feb 2022 02:28:56 GMT ,https://bscscan.com/token/0xcef941a55ef21238d1c26043c16613d68f2e1f2b,https://tokensniffer.com/contract/0xcef941a55ef21238d1c26043c16613d68f2e1f2b,https://tokensniffer.com/token/bazhs8g6911gazln36pmnc0vf26bunkxs0b6kk46df0l2kvzlnapfi6zc3nj?h=5469,0.000,1000000,0,https://poocoin.app/tokens/0xcef941a55ef21238d1c26043c16613d68f2e1f2b
Mr Smoking,SMOKING,BSC,0x2969881b22d7d79f4b90afa66ef45280abdc296f,06 Feb 2022 02:11:44 GMT ,https://bscscan.com/token/0x2969881b22d7d79f4b90afa66ef45280abdc296f,https://tokensniffer.com/contract/0x2969881b22d7d79f4b90afa66ef45280abdc296f,https://tokensniffer.com/token/onhkdhvv64jnn2q2q3hzsjoedhxm9z9mkppk3ea4zdsf1nvx893mpj2bnhkz?h=5775,0.000,1000000000,0,https://poocoin.app/tokens/0x2969881b22d7d79f4b90afa66ef45280abdc296f
Smoking,SMOKING,BSC,0x4c3ec4664f29ba197dbff651442d86598f18f455,06 Feb 2022 02:00:35 GMT ,https://bscscan.com/token/0x4c3ec4664f29ba197dbff651442d86598f18f455,https://tokensniffer.com/contract/0x4c3ec4664f29ba197dbff651442d86598f18f455,https://tokensniffer.com/token/sb0aubskkosz5uinimhj896odhq25jzz5k163s8pdsn2vk1ehv8z546vzs11?h=5466,0.0000000000401735,1000000000000000,"32,139",https://poocoin.app/tokens/0x4c3ec4664f29ba197dbff651442d86598f18f455
META ROCKET,META ROCKET🚀,BSC,0xb80db3a6502894e3373108e70f3c0b3fc63ee8c0,06 Feb 2022 01:59:35 GMT ,https://bscscan.com/token/0xb80db3a6502894e3373108e70f3c0b3fc63ee8c0,https://tokensniffer.com/contract/0xb80db3a6502894e3373108e70f3c0b3fc63ee8c0,https://tokensniffer.com/token/j45vx2gmj09k1lxunvhsal0ue0q06xvc5aqcepxz0buofxoj0zbk0aa4v3bx?h=5627,0.0000000000270216,1000000000000000,"22,447",https://poocoin.app/tokens/0xb80db3a6502894e3373108e70f3c0b3fc63ee8c0
抽烟的太太,抽烟,BSC,0x98e51b97d48f47bd27358ef94bae187159874c52,06 Feb 2022 01:51:29 GMT ,https://bscscan.com/token/0x98e51b97d48f47bd27358ef94bae187159874c52,https://tokensniffer.com/contract/0x98e51b97d48f47bd27358ef94bae187159874c52,https://tokensniffer.com/token/h8vcla16ejohqc2svuzsqcj2nq0145vgazhs3jmfi9a6olvmpcq61hvqsb1n?h=5669,0.000,1000000000,0,https://poocoin.app/tokens/0x98e51b97d48f47bd27358ef94bae187159874c52
TIGER KING,TGG,BSC,0x92185f23417ce645a3ca0ede2414fc0a71c4503d,03 Feb 2022 00:32:33 GMT ,https://bscscan.com/token/0x92185f23417ce645a3ca0ede2414fc0a71c4503d,https://tokensniffer.com/contract/0x92185f23417ce645a3ca0ede2414fc0a71c4503d,https://tokensniffer.com/token/hmn6cv13zn40so6m4ccqlbdaksm19f0eb9xa2anes6spzbx95qe6mbs1xu02?h=5419,0.000,100000001000001010000000,0,https://poocoin.app/tokens/0x92185f23417ce645a3ca0ede2414fc0a71c4503d
King of Smoking,SMOKING,BSC,0x57b82b5e48bca6f8ba0d707723e1952cc79bae1e,06 Feb 2022 01:38:20 GMT ,https://bscscan.com/token/0x57b82b5e48bca6f8ba0d707723e1952cc79bae1e,https://tokensniffer.com/contract/0x57b82b5e48bca6f8ba0d707723e1952cc79bae1e,https://tokensniffer.com/token/31qjvnjuu184asvjb9kczvj9x2qxqqdgn4l0a46ehl1nbbqhfl3j9dp4a64a?h=5470,0.000,1000000000,0,https://poocoin.app/tokens/0x57b82b5e48bca6f8ba0d707723e1952cc79bae1e
特斯拉格子布,特斯拉,BSC,0x0f34864111049f907085ab8364d5594dd8d32b04,06 Feb 2022 01:18:08 GMT ,https://bscscan.com/token/0x0f34864111049f907085ab8364d5594dd8d32b04,https://tokensniffer.com/contract/0x0f34864111049f907085ab8364d5594dd8d32b04,https://tokensniffer.com/token/xmz0esvk3s6e66cxschzdghpxqxpfv19jvcm0gk8s211ihs223ovu20njx4s?h=5569,0.000,1000000000,0,https://poocoin.app/tokens/0x0f34864111049f907085ab8364d5594dd8d32b04
MoonToken,MOON,BSC,0x20b348dc9c36cb838d56768bcde434a35df5b11e,06 Feb 2022 01:05:20 GMT ,https://bscscan.com/token/0x20b348dc9c36cb838d56768bcde434a35df5b11e,https://tokensniffer.com/contract/0x20b348dc9c36cb838d56768bcde434a35df5b11e,https://tokensniffer.com/token/nxj0ggsve2bhb440pkbjv0ouv21ikqkcvjbg2uas08s9i0i412zie1jl6l6a?h=5384,0.000000000000407833,1000000000,0,https://poocoin.app/tokens/0x20b348dc9c36cb838d56768bcde434a35df5b11e
GLORY KINGDOGE,GLK,BSC,0xfb6e477146d96e07002af22870e45c99d3cc3dd3,06 Feb 2022 01:28:26 GMT ,https://bscscan.com/token/0xfb6e477146d96e07002af22870e45c99d3cc3dd3,https://tokensniffer.com/contract/0xfb6e477146d96e07002af22870e45c99d3cc3dd3,https://tokensniffer.com/token/lzijk3asqqlm4p6pskc2hkax3qxgdxn9znnvqxaegfs81bhhg205bb0u2230?h=5593,0.00000000000379375,10000000000,0,https://poocoin.app/tokens/0xfb6e477146d96e07002af22870e45c99d3cc3dd3
GRIMACEBABYX,XYD,BSC,0x78139d8aa00b39f43f0fcf4dec3ffa2ff0233c5f,06 Feb 2022 01:04:23 GMT ,https://bscscan.com/token/0x78139d8aa00b39f43f0fcf4dec3ffa2ff0233c5f,https://tokensniffer.com/contract/0x78139d8aa00b39f43f0fcf4dec3ffa2ff0233c5f,https://tokensniffer.com/token/qv360h2ivmcm4d9u9xxj0ghzfs0uzxzpbzosm2ab08zz9nzzdxn00lmbc18z?h=5668,0.000000289244,2000000000,578,https://poocoin.app/tokens/0x78139d8aa00b39f43f0fcf4dec3ffa2ff0233c5f
SUPER ROCKET,SUPER ROCKET🚀,BSC,0xa3cf0bae0aded9b8bded615312d6dbe5aef9765b,06 Feb 2022 00:49:35 GMT ,https://bscscan.com/token/0xa3cf0bae0aded9b8bded615312d6dbe5aef9765b,https://tokensniffer.com/contract/0xa3cf0bae0aded9b8bded615312d6dbe5aef9765b,https://tokensniffer.com/token/u90bzxj9ax92a2hjvcj2a2k651uf06n34mg2ckf2jp5pma4m19a5z4hmqk1j?h=5111,0.0000000000000000123991,1000000000000000,0,https://poocoin.app/tokens/0xa3cf0bae0aded9b8bded615312d6dbe5aef9765b
TOTOROINU,TOTOROINU,BSC,0xa21e63e9e2d0dea18cc6caf86478cc89e54abbf3,18 Nov 2021 08:45:54 GMT ,https://bscscan.com/token/0xa21e63e9e2d0dea18cc6caf86478cc89e54abbf3,https://tokensniffer.com/contract/0xa21e63e9e2d0dea18cc6caf86478cc89e54abbf3,https://tokensniffer.com/token/93ni6ak0aehan42x2ai96vbbkb9zv4uklgsqvbbfvf5hau18si49ij3j4dz0?h=5385,0.000,1000000069000000000,0,https://poocoin.app/tokens/0xa21e63e9e2d0dea18cc6caf86478cc89e54abbf3
SamuraiToken,ST,BSC,0xe31bdca66eae27e0e7c59bf1e02ae2a34ece6e64,06 Feb 2022 00:27:23 GMT ,https://bscscan.com/token/0xe31bdca66eae27e0e7c59bf1e02ae2a34ece6e64,https://tokensniffer.com/contract/0xe31bdca66eae27e0e7c59bf1e02ae2a34ece6e64,https://tokensniffer.com/token/ac06loj2pb59uk3kuae59anqa4ixaqbc1h3j8z6aixpn9an90slpab5akaks?h=5462,0.000000000000408021,1000000000,0,https://poocoin.app/tokens/0xe31bdca66eae27e0e7c59bf1e02ae2a34ece6e64
Falcon 9 Inu,FALCON,BSC,0x06f11bdc45684a0006c9ea919b7f5986b97e8b1b,06 Feb 2022 00:26:50 GMT ,https://bscscan.com/token/0x06f11bdc45684a0006c9ea919b7f5986b97e8b1b,https://tokensniffer.com/contract/0x06f11bdc45684a0006c9ea919b7f5986b97e8b1b,https://tokensniffer.com/token/3xkz66j2bs1pkvs9xgxex5kfbhadg9h6u58hjqz1fhvkjhfqu4avl4cdjd6j?h=5663,0.000,1000000000,0,https://poocoin.app/tokens/0x06f11bdc45684a0006c9ea919b7f5986b97e8b1b
LoudMarket,LOUD,BSC,0x48af9f7ad92ee2f94a2c2435a39eee1bb1adce46,06 Feb 2022 00:26:14 GMT ,https://bscscan.com/token/0x48af9f7ad92ee2f94a2c2435a39eee1bb1adce46,https://tokensniffer.com/contract/0x48af9f7ad92ee2f94a2c2435a39eee1bb1adce46,https://tokensniffer.com/token/isu5vc9zhzuq9d2hnmucdaan8zhs95nebn4us019g0heaaa6jj692fbas55k?h=5455,0.0000141281,1000000000,"12,676",https://poocoin.app/tokens/0x48af9f7ad92ee2f94a2c2435a39eee1bb1adce46
META WORLD,META WORLD🌍,BSC,0xa2b66046e0147d094fa1b55642bd25cd77917c35,06 Feb 2022 00:15:56 GMT ,https://bscscan.com/token/0xa2b66046e0147d094fa1b55642bd25cd77917c35,https://tokensniffer.com/contract/0xa2b66046e0147d094fa1b55642bd25cd77917c35,https://tokensniffer.com/token/39nojkkxskgax6s3lq2xhs4clgz963j1go1km5scp8n8cj2n1b2qdqh6qb01?h=5376,0.00000000000000000413305,1000000000000000,0,https://poocoin.app/tokens/0xa2b66046e0147d094fa1b55642bd25cd77917c35
AngryBull,ANGRYBULL,BSC,0x08dcb903de424ac89dbb5848ace20183b910afb7,05 Feb 2022 23:41:29 GMT ,https://bscscan.com/token/0x08dcb903de424ac89dbb5848ace20183b910afb7,https://tokensniffer.com/contract/0x08dcb903de424ac89dbb5848ace20183b910afb7,https://tokensniffer.com/token/xv2b5jchxg02lasnos9bdvh8e2jj1gvsvp9bal5nx6lfv0j5h63fx94z4jfq?h=5503,0.000000000000407807,1000000000,0,https://poocoin.app/tokens/0x08dcb903de424ac89dbb5848ace20183b910afb7
DogeUniversal,DOGEUNI,BSC,0xfd0792674bafefa86d069bb77b21fccf86fa26ea,05 Feb 2022 23:34:11 GMT ,https://bscscan.com/token/0xfd0792674bafefa86d069bb77b21fccf86fa26ea,https://tokensniffer.com/contract/0xfd0792674bafefa86d069bb77b21fccf86fa26ea,https://tokensniffer.com/token/z2xqohnkqusej9za48z9vkc2cxkhjp8j4qufq4gjn6zbldbzvkzo9nkmpa39?h=5864,0.00000000859960,100000000000,860,https://poocoin.app/tokens/0xfd0792674bafefa86d069bb77b21fccf86fa26ea
ROCKET MOON,ROCKET MOON🚀,BSC,0xb3850162a389bfa09ca8648ddd609ff041b36b3c,05 Feb 2022 23:17:32 GMT ,https://bscscan.com/token/0xb3850162a389bfa09ca8648ddd609ff041b36b3c,https://tokensniffer.com/contract/0xb3850162a389bfa09ca8648ddd609ff041b36b3c,https://tokensniffer.com/token/j0fv15x6k4d84un90vhjezm9ux5hb89vksdv2242kcxhzpzxs4g6j0ukej0b?h=5392,0.0000000000000000206651,1000000000000000,0,https://poocoin.app/tokens/0xb3850162a389bfa09ca8648ddd609ff041b36b3c
RAGELABS,RAGELABS,BSC,0xc71b940b9e33346d4577af121a57adedfe8dafcf,05 Feb 2022 23:06:35 GMT ,https://bscscan.com/token/0xc71b940b9e33346d4577af121a57adedfe8dafcf,https://tokensniffer.com/contract/0xc71b940b9e33346d4577af121a57adedfe8dafcf,https://tokensniffer.com/token/bq6jh5sxdjhu4a00c0skfog2gs1qq89z6unl691q92dag2uzumav8295zpbz?h=5367,0.000,69000000000001000000000,0,https://poocoin.app/tokens/0xc71b940b9e33346d4577af121a57adedfe8dafcf
YakuzaCat,YAKUZACAT,BSC,0xaffd7e0b4252434be5d907aab5ef849ecfe18154,05 Feb 2022 22:56:23 GMT ,https://bscscan.com/token/0xaffd7e0b4252434be5d907aab5ef849ecfe18154,https://tokensniffer.com/contract/0xaffd7e0b4252434be5d907aab5ef849ecfe18154,https://tokensniffer.com/token/9zmz23qap3xjsn1n44s0sja125h3xuqpm9m9jl1azvshaibpza6v86d1oc3s?h=5437,0.000000000000403172,1000000000,0,https://poocoin.app/tokens/0xaffd7e0b4252434be5d907aab5ef849ecfe18154
META TOKEN,META TOKEN,BSC,0xc866fcd94f6162fef78958cbdf7dfd95d8fc096f,05 Feb 2022 22:52:35 GMT ,https://bscscan.com/token/0xc866fcd94f6162fef78958cbdf7dfd95d8fc096f,https://tokensniffer.com/contract/0xc866fcd94f6162fef78958cbdf7dfd95d8fc096f,https://tokensniffer.com/token/bvkkzb2hspzki6knzamuupzqdevhm1vbj25zqppi28zi2lh12vozbexhmk8z?h=5977,0.00000000000000000826642,1000000000000000,0,https://poocoin.app/tokens/0xc866fcd94f6162fef78958cbdf7dfd95d8fc096f
HTKing,HTKING,BSC,0x482f3f2568479178f06d7bb7c4ab36121a55306c,05 Feb 2022 22:47:05 GMT ,https://bscscan.com/token/0x482f3f2568479178f06d7bb7c4ab36121a55306c,https://tokensniffer.com/contract/0x482f3f2568479178f06d7bb7c4ab36121a55306c,https://tokensniffer.com/token/svnzl0f38z5dn1klmvsgq8cmhd6qvzx43k2qjj5qbs9j0k36n6951e10xkob?h=5376,0.000,10000000000,0,https://poocoin.app/tokens/0x482f3f2568479178f06d7bb7c4ab36121a55306c
BlastoiseINU,BLASTOISEINU,BSC,0xd438214fc0b0d46e0be960939730248908cc648b,05 Feb 2022 22:42:02 GMT ,https://bscscan.com/token/0xd438214fc0b0d46e0be960939730248908cc648b,https://tokensniffer.com/contract/0xd438214fc0b0d46e0be960939730248908cc648b,https://tokensniffer.com/token/2pgs0pvn6ms8zbxj3xi2skax8jahkuxh5cf0uuhq05oxnsdvhxviobbks4vj?h=5904,0.00000000000331243,100000000,0,https://poocoin.app/tokens/0xd438214fc0b0d46e0be960939730248908cc648b
AngryPanda,ANGRYPANDA,BSC,0xc0328ba53d21fab8918251e1701861ee1c506a97,05 Feb 2022 22:17:47 GMT ,https://bscscan.com/token/0xc0328ba53d21fab8918251e1701861ee1c506a97,https://tokensniffer.com/contract/0xc0328ba53d21fab8918251e1701861ee1c506a97,https://tokensniffer.com/token/obx0nfvdj9o102nd63z9jvh6o8gvnm16da36ofqox8m6vk6aa6b1xk9oh8uq?h=5351,0.000000000000406620,1000000000,0,https://poocoin.app/tokens/0xc0328ba53d21fab8918251e1701861ee1c506a97
🌌METAGEM,🌌METAGEM,BSC,0x06c239feb65c5f9353a55fe63a0909eb4e5fd3e5,05 Feb 2022 22:26:35 GMT ,https://bscscan.com/token/0x06c239feb65c5f9353a55fe63a0909eb4e5fd3e5,https://tokensniffer.com/contract/0x06c239feb65c5f9353a55fe63a0909eb4e5fd3e5,https://tokensniffer.com/token/xkb8lni0gphoz4ajk1ib1zhm04109c11zaku09xohxhajcomsf4a1z2508a1?h=5272,0.00000000000000000826674,1000000000000000,0,https://poocoin.app/tokens/0x06c239feb65c5f9353a55fe63a0909eb4e5fd3e5
BepKingDoge,$BEPKINGDOGE,BSC,0x9b656f93d45e2d0f1cb368857735bc41d99db209,05 Feb 2022 21:50:17 GMT ,https://bscscan.com/token/0x9b656f93d45e2d0f1cb368857735bc41d99db209,https://tokensniffer.com/contract/0x9b656f93d45e2d0f1cb368857735bc41d99db209,https://tokensniffer.com/token/hgjk1mklzhl0d2s14mang2mdfcxz6bj0dkvv1qq014jcbgs6c2hh2ijnxmph?h=5583,0.00000000000000414611,100100000000000,0,https://poocoin.app/tokens/0x9b656f93d45e2d0f1cb368857735bc41d99db209
ZumbaFinance,ZUMBA,BSC,0x519ee5b070d6419380f9bec968c09aeb43166e2a,05 Feb 2022 22:02:56 GMT ,https://bscscan.com/token/0x519ee5b070d6419380f9bec968c09aeb43166e2a,https://tokensniffer.com/contract/0x519ee5b070d6419380f9bec968c09aeb43166e2a,https://tokensniffer.com/token/16dhaa33gm1ejxqx2ks65hli0vxzhijadbhfkvbxclh9ma4d3fjs06kkagn9?h=5570,0.000,1000000000001000000000,0,https://poocoin.app/tokens/0x519ee5b070d6419380f9bec968c09aeb43166e2a
🚀Rocket Finance,🚀ROCKET FINANCE,BSC,0x08332fac1e2f53aa625434648f2b711e2a1ba190,05 Feb 2022 21:57:29 GMT ,https://bscscan.com/token/0x08332fac1e2f53aa625434648f2b711e2a1ba190,https://tokensniffer.com/contract/0x08332fac1e2f53aa625434648f2b711e2a1ba190,https://tokensniffer.com/token/xv300nz9b6anoz10gd9o9ken1s4cu0skms5edgvznjq66ainc596jd96dhpx?h=5397,0.00000000000000000826694,1000000000000000,0,https://poocoin.app/tokens/0x08332fac1e2f53aa625434648f2b711e2a1ba190
Blastoise Inu,POKEMON,BSC,0xe25c36720dd44f464418b16d279075f2bb5f9a71,05 Feb 2022 21:41:02 GMT ,https://bscscan.com/token/0xe25c36720dd44f464418b16d279075f2bb5f9a71,https://tokensniffer.com/contract/0xe25c36720dd44f464418b16d279075f2bb5f9a71,https://tokensniffer.com/token/3an1db0kqndx22ssezskuss6vu3j86ek2nieeqhxq1zlnjocjlu3f1zmh9q6?h=5703,0.000000000000000446431,1000000,0,https://poocoin.app/tokens/0xe25c36720dd44f464418b16d279075f2bb5f9a71
valentine famous,VAL,BSC,0xdc6bb98a6ef6e39aa6ee361341e08d710faa15f5,05 Feb 2022 21:22:05 GMT ,https://bscscan.com/token/0xdc6bb98a6ef6e39aa6ee361341e08d710faa15f5,https://tokensniffer.com/contract/0xdc6bb98a6ef6e39aa6ee361341e08d710faa15f5,https://tokensniffer.com/token/2bkjijhvm9kpi8azdgkfai50hp99kaga0kpu60sg6axvd2q63xzm99c615z1?h=5360,0.00000000000000389801,2000000,0,https://poocoin.app/tokens/0xdc6bb98a6ef6e39aa6ee361341e08d710faa15f5
Fegking,FEGKING,BSC,0x2d0677d11b4f68b389f02f6aee6e31b68413f5d2,05 Feb 2022 20:09:02 GMT ,https://bscscan.com/token/0x2d0677d11b4f68b389f02f6aee6e31b68413f5d2,https://tokensniffer.com/contract/0x2d0677d11b4f68b389f02f6aee6e31b68413f5d2,https://tokensniffer.com/token/nf2i4xkqqd2668jispzkvcj0vhzxnlzkl9fdaakpa0e3m6ijkvs6m0pz512n?h=5633,0.000000000711956,100000000000,28,https://poocoin.app/tokens/0x2d0677d11b4f68b389f02f6aee6e31b68413f5d2
BirdKing,BIRDKING,BSC,0xed50fc132cd6864e7da85587d85f239402f31912,05 Feb 2022 21:14:53 GMT ,https://bscscan.com/token/0xed50fc132cd6864e7da85587d85f239402f31912,https://tokensniffer.com/contract/0xed50fc132cd6864e7da85587d85f239402f31912,https://tokensniffer.com/token/ma23m1xzb60nb2kv4uks3aq2m9m3v131pvq2v1gzn0hsxnpclzl0p4o6lh6n?h=5379,0.0000000000373398,100000000,0,https://poocoin.app/tokens/0xed50fc132cd6864e7da85587d85f239402f31912
GamblingKing,GAMBLINGKING,BSC,0x169e9a19e2a3e7ea57f56e4149c6dfc457509010,05 Feb 2022 20:37:08 GMT ,https://bscscan.com/token/0x169e9a19e2a3e7ea57f56e4149c6dfc457509010,https://tokensniffer.com/contract/0x169e9a19e2a3e7ea57f56e4149c6dfc457509010,https://tokensniffer.com/token/46khahu96hcacn90aqa9m1qz1kasu6scphod5bkum2zbsg1q13xhix4436ox?h=5420,0.0000000000637880,100000000,0,https://poocoin.app/tokens/0x169e9a19e2a3e7ea57f56e4149c6dfc457509010
MetaCashWalleT,MCW,BSC,0xc5a9399f4133dc0fe8a566459a8b6a9758acbae1,05 Feb 2022 20:31:17 GMT ,https://bscscan.com/token/0xc5a9399f4133dc0fe8a566459a8b6a9758acbae1,https://tokensniffer.com/contract/0xc5a9399f4133dc0fe8a566459a8b6a9758acbae1,https://tokensniffer.com/token/b19he0hhzggsd60p0m2bxm5ziamv91k3ks14h9vmjick89hq1445v9bpj9a6?h=5187,0.0000000000000000413424,1000000000,0,https://poocoin.app/tokens/0xc5a9399f4133dc0fe8a566459a8b6a9758acbae1
Lord of DOGEKING,LODOGEK,BSC,0x2f779f73884f9273cd379d62c31d7d6f81f223a8,05 Feb 2022 20:22:17 GMT ,https://bscscan.com/token/0x2f779f73884f9273cd379d62c31d7d6f81f223a8,https://tokensniffer.com/contract/0x2f779f73884f9273cd379d62c31d7d6f81f223a8,https://tokensniffer.com/token/nzqpqphgzqpu0gv444vsfzhncq03fb20qch2knb0462q25k4pz5v6znn09gv?h=5445,0.00000000000000331980,100000000,0,https://poocoin.app/tokens/0x2f779f73884f9273cd379d62c31d7d6f81f223a8
Why the heck,ELON,BSC,0xa7346882ea8447499e424dd12ca75298cbb547ce,05 Feb 2022 20:20:56 GMT ,https://bscscan.com/token/0xa7346882ea8447499e424dd12ca75298cbb547ce,https://tokensniffer.com/contract/0xa7346882ea8447499e424dd12ca75298cbb547ce,https://tokensniffer.com/token/e9qfg80skvemfuvna9vssqcshhasnsi226uncb9qog1dnhv3gbjj1spgqmba?h=5859,0.000000000000000301800,1000000,0,https://poocoin.app/tokens/0xa7346882ea8447499e424dd12ca75298cbb547ce
Why the heck I do feel so good all the time starter pack,WHY,BSC,0x3bc622f9e0e001a82fc6fe68686e33cfe7b3d688,05 Feb 2022 20:20:44 GMT ,https://bscscan.com/token/0x3bc622f9e0e001a82fc6fe68686e33cfe7b3d688,https://tokensniffer.com/contract/0x3bc622f9e0e001a82fc6fe68686e33cfe7b3d688,https://tokensniffer.com/token/0jbkncnzh8axaxx69v3nfzbkldzmpagkvkvlka005b8dzagquj025omo3kvv?h=5783,0.000,100000000000,0,https://poocoin.app/tokens/0x3bc622f9e0e001a82fc6fe68686e33cfe7b3d688
Cartesi,CTSI,BSC,0x9755fb8664c0770d45dfe9ad16c4d5577f9cb276,10 Aug 2021 00:43:11 GMT ,https://bscscan.com/token/0x9755fb8664c0770d45dfe9ad16c4d5577f9cb276,https://tokensniffer.com/contract/0x9755fb8664c0770d45dfe9ad16c4d5577f9cb276,https://tokensniffer.com/token/hq11zjuivk4ksbxfqqgmx2s1cu2zmpigah926gokbps211qqzh3bleejunqk?h=5793,0.000,100000001000000000000,0,https://poocoin.app/tokens/0x9755fb8664c0770d45dfe9ad16c4d5577f9cb276
HoundKing,HOUNDKING,BSC,0x6a2116f5e73cffba22c4a0fb5cacf7bdd3e8b75e,05 Feb 2022 20:06:59 GMT ,https://bscscan.com/token/0x6a2116f5e73cffba22c4a0fb5cacf7bdd3e8b75e,https://tokensniffer.com/contract/0x6a2116f5e73cffba22c4a0fb5cacf7bdd3e8b75e,https://tokensniffer.com/token/kid9ni4656k5zp1iaq0mbzzjmc94nnbs439xlzj1lb9lbzqj223cd0avjq1a?h=5363,0.00000000000787490,100000000,0,https://poocoin.app/tokens/0x6a2116f5e73cffba22c4a0fb5cacf7bdd3e8b75e
RatKing,RATKING,BSC,0xead1a99792e66108bd14c32a719e092fd88b34a3,05 Feb 2022 19:48:29 GMT ,https://bscscan.com/token/0xead1a99792e66108bd14c32a719e092fd88b34a3,https://tokensniffer.com/contract/0xead1a99792e66108bd14c32a719e092fd88b34a3,https://tokensniffer.com/token/i5ma982869hhqhnakfk6xvj26seb80nldd9q63hma3xhn8uz2vvjee0us980?h=5280,0.0000000000436993,100000000,0,https://poocoin.app/tokens/0xead1a99792e66108bd14c32a719e092fd88b34a3
DogeKleop,DOGEKLEOP,BSC,0x4284d66d24c416e5517d813d56ec38c6ea9142fd,05 Feb 2022 19:42:56 GMT ,https://bscscan.com/token/0x4284d66d24c416e5517d813d56ec38c6ea9142fd,https://tokensniffer.com/contract/0x4284d66d24c416e5517d813d56ec38c6ea9142fd,https://tokensniffer.com/token/sonfvis2kek32nsdbs6ka1186f8q2vg63o0e21kabl0vmbgl5kae9h6spnz2?h=5328,0.000000000000000140568,1000100000000000,0,https://poocoin.app/tokens/0x4284d66d24c416e5517d813d56ec38c6ea9142fd
ShibaCocaine,COCAINE,BSC,0x09bcb0a3692939424862f45479bd396fa862c66c,05 Feb 2022 19:23:59 GMT ,https://bscscan.com/token/0x09bcb0a3692939424862f45479bd396fa862c66c,https://tokensniffer.com/contract/0x09bcb0a3692939424862f45479bd396fa862c66c,https://tokensniffer.com/token/x8hjbjx9f0khcnh330hsnsvkn3dzs1csfqhj2p0dpphkzi39vkenblk8uk5b?h=5706,0.000,100000000000,0,https://poocoin.app/tokens/0x09bcb0a3692939424862f45479bd396fa862c66c
CryptoGamer,CG,BSC,0xda5fd44530719e1a46b375753815e10cd2c3ab8c,05 Feb 2022 19:33:14 GMT ,https://bscscan.com/token/0xda5fd44530719e1a46b375753815e10cd2c3ab8c,https://tokensniffer.com/contract/0xda5fd44530719e1a46b375753815e10cd2c3ab8c,https://tokensniffer.com/token/25913lz2ss180mxqufe6hacp69skj0qc1q1m0cvum61a6oxb52nbu09ijivb?h=5209,0.0000000000000000413440,1000000000,0,https://poocoin.app/tokens/0xda5fd44530719e1a46b375753815e10cd2c3ab8c
ElonKing,ELONKING,BSC,0xcd4972d05d56f97d081c4bb2b0ca32bd23b1eb14,05 Feb 2022 10:13:25 GMT ,https://bscscan.com/token/0xcd4972d05d56f97d081c4bb2b0ca32bd23b1eb14,https://tokensniffer.com/contract/0xcd4972d05d56f97d081c4bb2b0ca32bd23b1eb14,https://tokensniffer.com/token/eb2oshqn2muux1l21kzohq2xgv6bsjjnjxdoeefb90eidnj42mmn0je6aj6s?h=5685,0.0807093,50000,"4,035",https://poocoin.app/tokens/0xcd4972d05d56f97d081c4bb2b0ca32bd23b1eb14
Crypto Bank,CB,BSC,0x8cc4eb4cc2f33adaf1c6b60d8f3e9342f4137af8,05 Feb 2022 19:05:47 GMT ,https://bscscan.com/token/0x8cc4eb4cc2f33adaf1c6b60d8f3e9342f4137af8,https://tokensniffer.com/contract/0x8cc4eb4cc2f33adaf1c6b60d8f3e9342f4137af8,https://tokensniffer.com/token/vleb84b8sagjsdbibnzg050929zo6bo5kjkxi2v3z0aih0s3nzs60iq9dizv?h=5444,0.000,10000000,0,https://poocoin.app/tokens/0x8cc4eb4cc2f33adaf1c6b60d8f3e9342f4137af8
RedDoge,RD,BSC,0xc9809a1467731c66ac87f5f403575aa9a5c888bd,05 Feb 2022 18:54:14 GMT ,https://bscscan.com/token/0xc9809a1467731c66ac87f5f403575aa9a5c888bd,https://tokensniffer.com/contract/0xc9809a1467731c66ac87f5f403575aa9a5c888bd,https://tokensniffer.com/token/bhvxhg96dskueqq036bkk9bvoqmzl1zsmcxl0d1uq1994eh91fbvd3vmvj52?h=5523,0.000000000000407434,1000000000,0,https://poocoin.app/tokens/0xc9809a1467731c66ac87f5f403575aa9a5c888bd
FlokiVaderToken,FLOKIVADER,BSC,0xa94847292987b719d47b5c946b7a20f2451eec60,05 Feb 2022 18:40:20 GMT ,https://bscscan.com/token/0xa94847292987b719d47b5c946b7a20f2451eec60,https://tokensniffer.com/contract/0xa94847292987b719d47b5c946b7a20f2451eec60,https://tokensniffer.com/token/9ig5c4hsvs4q8nhnhdvqjq6h2sqj1omopdblhskijq9n5ixl3zns16a4abkx?h=5735,0.0000000000000000413434,1000000000,0,https://poocoin.app/tokens/0xa94847292987b719d47b5c946b7a20f2451eec60
BinanceShiba,BNBSHIB,BSC,0xc611b8e8d75bc0ec55987e38e8a3867891c374d6,05 Feb 2022 16:10:07 GMT ,https://bscscan.com/token/0xc611b8e8d75bc0ec55987e38e8a3867891c374d6,https://tokensniffer.com/contract/0xc611b8e8d75bc0ec55987e38e8a3867891c374d6,https://tokensniffer.com/token/b5uk66jvav2q1ujbcl3xabm1o1h538ve3qa0v4av90pvukqf48vh6b08qs2k?h=5268,0.0000118148,300000000000,"35,444",https://poocoin.app/tokens/0xc611b8e8d75bc0ec55987e38e8a3867891c374d6
MonkeyKing,MONKEYKING,BSC,0x755f6d0c469ffc0cb1a96643b66687a0ed14bb6b,05 Feb 2022 18:22:44 GMT ,https://bscscan.com/token/0x755f6d0c469ffc0cb1a96643b66687a0ed14bb6b,https://tokensniffer.com/contract/0x755f6d0c469ffc0cb1a96643b66687a0ed14bb6b,https://tokensniffer.com/token/qdo11zokm2ixbskhz3zb4exbd8j6m9hkokds80jklkkvq9cxag2m68fsjjkj?h=5717,0.0000000000677410,100000000,0,https://poocoin.app/tokens/0x755f6d0c469ffc0cb1a96643b66687a0ed14bb6b
wallet shiba,WTS,BSC,0xfee4d97833648a30106022a4ccefa20c8e0b6f7d,05 Feb 2022 18:06:29 GMT ,https://bscscan.com/token/0xfee4d97833648a30106022a4ccefa20c8e0b6f7d,https://tokensniffer.com/contract/0xfee4d97833648a30106022a4ccefa20c8e0b6f7d,https://tokensniffer.com/token/zadas2gihqfv00kesvff9e0xf6xkxndn9sbbdiazi4g9nxbvaxjc4flpkzq2?h=5859,0.0000000000000156054,2000000,0,https://poocoin.app/tokens/0xfee4d97833648a30106022a4ccefa20c8e0b6f7d
Sweetama,SWEETAMA,BSC,0xf2a81bf510f7fe3e80c41e15eade7294fc3d727a,05 Feb 2022 18:20:05 GMT ,https://bscscan.com/token/0xf2a81bf510f7fe3e80c41e15eade7294fc3d727a,https://tokensniffer.com/contract/0xf2a81bf510f7fe3e80c41e15eade7294fc3d727a,https://tokensniffer.com/token/zpn9v6jez186xzu83pqzdaf043agcvx4bsc6ioa61oa92aqn3hpszb02qnq9?h=5423,0.00000000000660905,100000000,0,https://poocoin.app/tokens/0xf2a81bf510f7fe3e80c41e15eade7294fc3d727a
KingBoxer,KIBO,BSC,0x9ec6ff81c3a71bbed15c0b306edf51e7b5e454df,05 Feb 2022 18:12:59 GMT ,https://bscscan.com/token/0x9ec6ff81c3a71bbed15c0b306edf51e7b5e454df,https://tokensniffer.com/contract/0x9ec6ff81c3a71bbed15c0b306edf51e7b5e454df,https://tokensniffer.com/token/hfalbukzpzv56gb0lm4ol9q6fj4ja2c561dlbxj0xkap2iz16aqj1as41s2z?h=5404,0.000,1000000000,0,https://poocoin.app/tokens/0x9ec6ff81c3a71bbed15c0b306edf51e7b5e454df
Ever DogeKing,EDK,BSC,0x9b04972e1f45c05c3c51ec5c7642618f9a39e8e5,05 Feb 2022 18:02:29 GMT ,https://bscscan.com/token/0x9b04972e1f45c05c3c51ec5c7642618f9a39e8e5,https://tokensniffer.com/contract/0x9b04972e1f45c05c3c51ec5c7642618f9a39e8e5,https://tokensniffer.com/token/4hmjdxshqglnfa6zps1bx14b0pb164ab1bqksnc8fk6vf4zh5390havodda1?h=5413,0.000,1000000000000000,0,https://poocoin.app/tokens/0x9b04972e1f45c05c3c51ec5c7642618f9a39e8e5
Grim and Evil, GREV  ,BSC,0xa86775902383b59276639e2cc3efc93fa861e40f,05 Feb 2022 17:40:32 GMT ,https://bscscan.com/token/0xa86775902383b59276639e2cc3efc93fa861e40f,https://tokensniffer.com/contract/0xa86775902383b59276639e2cc3efc93fa861e40f,https://tokensniffer.com/token/59vkqq1hexn03lv0j1hognqokk0gmha3nbbmgg0azbh40z98vmk6a5fs4xuz?h=5542,0.0000000000000471933,50000000000000000000000000000000000000001000000,"2,359,667,291,035,885,908,951,026,230,000,000",https://poocoin.app/tokens/0xa86775902383b59276639e2cc3efc93fa861e40f
BabyWeb3land,$BWEB,BSC,0xc0e4059703c63341885e9e26ff55d8d95137b7c8,05 Feb 2022 16:38:19 GMT ,https://bscscan.com/token/0xc0e4059703c63341885e9e26ff55d8d95137b7c8,https://tokensniffer.com/contract/0xc0e4059703c63341885e9e26ff55d8d95137b7c8,https://tokensniffer.com/token/bclxasx51hqfg5mxg05bk0o0gs6vv41adhankzz112vdcf2hu160qjcqimbv?h=5497,0.00000000000000331216,100100000000000,0,https://poocoin.app/tokens/0xc0e4059703c63341885e9e26ff55d8d95137b7c8
FlokiQueen,FLOKIQUEEN,BSC,0x1e8d0820ca0098ff015904f5d2f5e06928f5bcb1,05 Feb 2022 16:03:37 GMT ,https://bscscan.com/token/0x1e8d0820ca0098ff015904f5d2f5e06928f5bcb1,https://tokensniffer.com/contract/0x1e8d0820ca0098ff015904f5d2f5e06928f5bcb1,https://tokensniffer.com/token/86a3pv42xvnxb9xxohpvzzfx55p61hxdsz12nz1iaxl4kl5hnvzp1jfbp8j6?h=5625,0.000000458282,10000000000,"2,291",https://poocoin.app/tokens/0x1e8d0820ca0098ff015904f5d2f5e06928f5bcb1
WagmiX1000,WAGMIX1000,BSC,0x79dfe30d9156c18d81bd5260a4f0974ae3326b92,05 Feb 2022 17:18:38 GMT ,https://bscscan.com/token/0x79dfe30d9156c18d81bd5260a4f0974ae3326b92,https://tokensniffer.com/contract/0x79dfe30d9156c18d81bd5260a4f0974ae3326b92,https://tokensniffer.com/token/qh248za0px52hf61kbm6v8c82opv6j21onkxm9sz4fxh3p4qs9a800ndkjhn?h=5248,0.000,1000000001000000000,0,https://poocoin.app/tokens/0x79dfe30d9156c18d81bd5260a4f0974ae3326b92
LUNAPAD,LUNAPAD,BSC,0x8126252e6df04d36a1bf6c89bb62b25c1ae1ed10,05 Feb 2022 17:55:44 GMT ,https://bscscan.com/token/0x8126252e6df04d36a1bf6c89bb62b25c1ae1ed10,https://tokensniffer.com/contract/0x8126252e6df04d36a1bf6c89bb62b25c1ae1ed10,https://tokensniffer.com/token/3v6nk8mn1n5ack32zxsg2o0k96jzgc5k5bvhjjknjn1eb693fpae6a44m26x?h=5236,0.0000000000000000289453,11111111111111111111114111111,"321,614,682,897",https://poocoin.app/tokens/0x8126252e6df04d36a1bf6c89bb62b25c1ae1ed10
DragonKing,DRAGONKING,BSC,0x72d1e2a4b58e47f422e086c5051c515bd87a8510,05 Feb 2022 17:40:08 GMT ,https://bscscan.com/token/0x72d1e2a4b58e47f422e086c5051c515bd87a8510,https://tokensniffer.com/contract/0x72d1e2a4b58e47f422e086c5051c515bd87a8510,https://tokensniffer.com/token/qn26aun9sjl8p31vgasqzsnnaxe83vkbu1x16pdb8u161jou2evq9v1c6mfx?h=5504,0.0000000000759111,100000000,0,https://poocoin.app/tokens/0x72d1e2a4b58e47f422e086c5051c515bd87a8510
HUSKY NET,HUSKY,AVAX,0x2a5ad15778c7406b565a81c3ce9f1246258c212e,05 Feb 2022 16:40:06 GMT ,https://bscscan.com/token/0x2a5ad15778c7406b565a81c3ce9f1246258c212e,https://tokensniffer.com/contract/0x2a5ad15778c7406b565a81c3ce9f1246258c212e,https://tokensniffer.com/token/nmfdp4m93189261qq4vbqsxkj1uk19fv6b0bah4zlf6nsidokn1vl8bn46na?h=5318,,,,
KiillBabyInu,KIILLBABYINU,BSC,0x6bc96f240b465c5c307ab202d1ea015d4c92015d,05 Feb 2022 16:58:59 GMT ,https://bscscan.com/token/0x6bc96f240b465c5c307ab202d1ea015d4c92015d,https://tokensniffer.com/contract/0x6bc96f240b465c5c307ab202d1ea015d4c92015d,https://tokensniffer.com/token/kj4bhkznsxjiskl1b1b04ex4q9pecjnodx3n2dpe6a93x612sbhpniddx612?h=5451,0.000000000000432903,100000000,0,https://poocoin.app/tokens/0x6bc96f240b465c5c307ab202d1ea015d4c92015d
DragonKing,DRAGONKING,BSC,0x14a41368b883289570ad5bc4bf32542d3a9717cd,05 Feb 2022 15:46:46 GMT ,https://bscscan.com/token/0x14a41368b883289570ad5bc4bf32542d3a9717cd,https://tokensniffer.com/contract/0x14a41368b883289570ad5bc4bf32542d3a9717cd,https://tokensniffer.com/token/6is9su680m3kv8jvv0nvh1e4q3x392l1jbsjzm4ce0n1li5snc209hq6qbo2?h=5188,0.0000000127250,1000000000,6,https://poocoin.app/tokens/0x14a41368b883289570ad5bc4bf32542d3a9717cd
DogeFanToken,DFT,BSC,0xa6c9c20af306883ab7e56e9331a25f35eca67025,05 Feb 2022 17:33:35 GMT ,https://bscscan.com/token/0xa6c9c20af306883ab7e56e9331a25f35eca67025,https://tokensniffer.com/contract/0xa6c9c20af306883ab7e56e9331a25f35eca67025,https://tokensniffer.com/token/39fkbhbn3dx9z0fxkmvv09jqa1eugfkah440cue06g9n1z01ab9kuq8fxne1?h=5336,0.0000000000000000413504,1000000000,0,https://poocoin.app/tokens/0xa6c9c20af306883ab7e56e9331a25f35eca67025
TOMKINO,TOMKINO,BSC,0x5beb4fce4b9a1eade5e25cbf7e978e95427e329a,05 Feb 2022 17:33:14 GMT ,https://bscscan.com/token/0x5beb4fce4b9a1eade5e25cbf7e978e95427e329a,https://tokensniffer.com/contract/0x5beb4fce4b9a1eade5e25cbf7e978e95427e329a,https://tokensniffer.com/token/1jajszbae3smijlh96a92a1lgdanu1bjz833qahqvlpca8edh1dsnmqa0nh9?h=5552,0.0000000000211635,1000000000000000,"21,163",https://poocoin.app/tokens/0x5beb4fce4b9a1eade5e25cbf7e978e95427e329a
Pi Network,PI,BSC,0x26802f6c3e24328e4f5be7097123bf8b61699959,05 Feb 2022 09:06:05 GMT ,https://bscscan.com/token/0x26802f6c3e24328e4f5be7097123bf8b61699959,https://tokensniffer.com/contract/0x26802f6c3e24328e4f5be7097123bf8b61699959,https://tokensniffer.com/token/nfukvx5onlzkbl0a8ns0nv5asz1jaqxhq6cdn0ijoz8ivjk4o6k8hhddmh1h?h=5783,0.000172275,100000000,"17,227",https://poocoin.app/tokens/0x26802f6c3e24328e4f5be7097123bf8b61699959
BabyVerseToken,BVT,BSC,0x99982c5227700b30afd9ea62d0988a71b14b4801,05 Feb 2022 15:34:07 GMT ,https://bscscan.com/token/0x99982c5227700b30afd9ea62d0988a71b14b4801,https://tokensniffer.com/contract/0x99982c5227700b30afd9ea62d0988a71b14b4801,https://tokensniffer.com/token/hmghdhvnmb1nnlfqqoxoxj0dx9z2h4a9lkn8m2xhvdvu9q65j6sojfsvxlu6?h=5859,0.0000000000000000413611,1000000000,0,https://poocoin.app/tokens/0x99982c5227700b30afd9ea62d0988a71b14b4801
DragonKing,DRAGONKING,BSC,0xf5b7903bb97f4bf19a4902a9f85092ad53f6e09f,05 Feb 2022 17:25:35 GMT ,https://bscscan.com/token/0xf5b7903bb97f4bf19a4902a9f85092ad53f6e09f,https://tokensniffer.com/contract/0xf5b7903bb97f4bf19a4902a9f85092ad53f6e09f,https://tokensniffer.com/token/z18ejqhxi0jj3hqgizsjz6giufoh94shmixn9hzve1xh3n89210zki3axh4z?h=5621,0.0000546441,100000000,"5,464",https://poocoin.app/tokens/0xf5b7903bb97f4bf19a4902a9f85092ad53f6e09f
DogDiamond,DOGDIAMOND,BSC,0x88305b3565be82c3ee8e0fb9d7c72d563f9a9902,05 Feb 2022 14:27:43 GMT ,https://bscscan.com/token/0x88305b3565be82c3ee8e0fb9d7c72d563f9a9902,https://tokensniffer.com/contract/0x88305b3565be82c3ee8e0fb9d7c72d563f9a9902,https://tokensniffer.com/token/vv0xd4g51j031lk1joavnigb0uaoa4vgaxzj4hd24qbqn21k0zh9ouh3hdxn?h=5461,0.000000258739,100000000000,"12,937",https://poocoin.app/tokens/0x88305b3565be82c3ee8e0fb9d7c72d563f9a9902
SharkKing,SHARKKING,BSC,0xd3027399983a1ef11d339c94e6301b0e8222aefe,05 Feb 2022 17:00:20 GMT ,https://bscscan.com/token/0xd3027399983a1ef11d339c94e6301b0e8222aefe,https://tokensniffer.com/contract/0xd3027399983a1ef11d339c94e6301b0e8222aefe,https://tokensniffer.com/token/o2g0xnq0hhpd8hv093o6az662d00hcgbehisak40x6pju83xavnmnn9azcfa?h=5392,0.00000000000661786,100000000,0,https://poocoin.app/tokens/0xd3027399983a1ef11d339c94e6301b0e8222aefe
ShibaArt,SHIBAART,BSC,0x3429057041aa0ff7e132afc3664be6c41ae6f6df,05 Feb 2022 17:09:26 GMT ,https://bscscan.com/token/0x3429057041aa0ff7e132afc3664be6c41ae6f6df,https://tokensniffer.com/contract/0x3429057041aa0ff7e132afc3664be6c41ae6f6df,https://tokensniffer.com/token/03f8lsnhex1oq5exs6i99dxzzqgfa60n9zgbp0kksjlamkbs6gc9ak3zkd2z?h=5619,0.00000000000000000588000,10000000000,0,https://poocoin.app/tokens/0x3429057041aa0ff7e132afc3664be6c41ae6f6df
TIGER KINGDOGE,TIKI,BSC,0xab66ade16dacb74639dbdecc3a2c2b1978990d8b,06 Feb 2022 07:27:50 GMT ,https://bscscan.com/token/0xab66ade16dacb74639dbdecc3a2c2b1978990d8b,https://tokensniffer.com/contract/0xab66ade16dacb74639dbdecc3a2c2b1978990d8b,https://tokensniffer.com/token/9jkk92ad6k249bjqsk0h2j2apbbo09nb3dfnjpcg56hqvmhmhixdo28vmd8j?h=5409,0.00000383348,10000000000,"15,334",https://poocoin.app/tokens/0xab66ade16dacb74639dbdecc3a2c2b1978990d8b
ChainETH,CHAINETH,BSC,0xbd85eab36a44bb21210ae622d6c26a6d433339a3,06 Feb 2022 07:26:17 GMT ,https://bscscan.com/token/0xbd85eab36a44bb21210ae622d6c26a6d433339a3,https://tokensniffer.com/contract/0xbd85eab36a44bb21210ae622d6c26a6d433339a3,https://tokensniffer.com/token/mj2v18a9j0mkl3pol95sfpsj3jfdn6f8un6x9aiiknn2kbnk9k2s00050h90?h=5190,0.0000000294504,100000069000000000,"2,709,439,592",https://poocoin.app/tokens/0xbd85eab36a44bb21210ae622d6c26a6d433339a3
